yes-answer,time,intensity,distance,Difference
0,1.495,50,9,-2.0
0,0.9990000000000001,50,9,-2.0
0,1.163,50,9,-2.0
0,0.953,50,9,-2.0
0,1.045,50,9,-2.0
0,0.975,50,9,-2.0
0,3.838,50,9,-2.0
0,1.195,50,9,-2.0
0,1.27,50,9,-2.0
0,4.092,50,9,-2.0
0,0.9079999999999999,50,9,-1.525
0,1.565,50,9,-1.525
0,1.128,50,9,-1.525
0,1.021,50,9,-1.525
0,0.9740000000000001,50,9,-1.525
0,1.06,50,9,-1.525
0,1.463,50,9,-1.525
0,0.96,50,9,-1.525
0,1.315,50,9,-1.525
0,2.0380000000000003,50,9,-1.525
0,1.9869999999999999,50,9,-1.05
0,1.182,50,9,-1.05
0,1.4769999999999999,50,9,-1.05
0,1.207,50,9,-1.05
0,2.3609999999999998,50,9,-1.05
0,1.087,50,9,-1.05
1,1.193,50,9,-1.05
0,0.943,50,9,-1.05
0,0.96,50,9,-1.05
0,1.335,50,9,-1.05
0,2.2840000000000003,50,9,-0.5750000000000002
0,1.3030000000000002,50,9,-0.5750000000000002
0,1.347,50,9,-0.5750000000000002
0,1.416,50,9,-0.5750000000000002
0,1.4269999999999998,50,9,-0.5750000000000002
0,1.141,50,9,-0.5750000000000002
0,1.157,50,9,-0.5750000000000002
0,1.06,50,9,-0.5750000000000002
0,1.013,50,9,-0.5750000000000002
0,0.953,50,9,-0.5750000000000002
0,1.25,50,9,-0.10000000000000007
0,1.128,50,9,-0.10000000000000007
1,1.203,50,9,-0.10000000000000007
0,0.899,50,9,-0.10000000000000007
1,1.01,50,9,-0.10000000000000007
0,1.068,50,9,-0.10000000000000007
0,1.032,50,9,-0.10000000000000007
0,1.028,50,9,-0.10000000000000007
0,1.2229999999999999,50,9,-0.10000000000000007
0,2.734,50,9,-0.10000000000000007
1,1.839,50,9,0.1
0,2.9989999999999997,50,9,0.1
1,1.5530000000000002,50,9,0.1
1,2.8939999999999997,50,9,0.1
1,2.755,50,9,0.1
0,1.355,50,9,0.1
1,1.258,50,9,0.1
0,1.151,50,9,0.1
0,0.8809999999999999,50,9,0.1
0,1.5019999999999998,50,9,0.1
1,1.9569999999999999,50,9,0.1
1,1.669,50,9,0.575
0,1.284,50,9,0.575
1,1.704,50,9,0.575
1,1.525,50,9,0.575
1,1.9,50,9,0.575
1,1.128,50,9,0.575
1,2.427,50,9,0.575
1,1.197,50,9,0.575
1,1.069,50,9,0.575
0,1.685,50,9,0.575
1,1.013,50,9,1.05
1,1.354,50,9,1.05
1,1.5530000000000002,50,9,1.05
1,1.5759999999999998,50,9,1.05
1,2.43,50,9,1.05
1,1.162,50,9,1.05
1,0.85,50,9,1.05
1,1.204,50,9,1.05
1,2.094,50,9,1.05
1,1.0170000000000001,50,9,1.05
1,1.119,50,9,1.525
1,2.171,50,9,1.525
1,1.126,50,9,1.525
1,2.549,50,9,1.525
1,1.05,50,9,1.525
1,1.885,50,9,1.525
1,0.89,50,9,1.525
1,1.296,50,9,1.525
1,0.884,50,9,1.525
1,0.7509999999999999,50,9,1.525
1,2.1430000000000002,50,9,2.0
1,2.0540000000000003,50,9,2.0
1,1.867,50,9,2.0
1,1.456,50,9,2.0
1,1.4380000000000002,50,9,2.0
1,1.3,50,9,2.0
1,1.02,50,9,2.0
1,1.381,50,9,2.0
1,0.835,50,9,2.0
1,1.0170000000000001,50,9,2.0
0,1.325,50,93,-5.0
0,1.226,50,93,-5.0
0,1.214,50,93,-5.0
0,1.7619999999999998,50,93,-5.0
0,1.197,50,93,-5.0
0,1.2690000000000001,50,93,-5.0
0,1.234,50,93,-5.0
0,1.4,50,93,-5.0
1,1.187,50,93,-5.0
0,0.9440000000000001,50,93,-5.0
0,1.771,50,93,-3.875
0,1.2,50,93,-3.875
0,1.703,50,93,-3.875
0,1.069,50,93,-3.875
0,1.185,50,93,-3.875
0,1.73,50,93,-3.875
1,1.0490000000000002,50,93,-3.875
0,1.153,50,93,-3.875
0,1.633,50,93,-3.875
0,1.381,50,93,-3.875
0,1.867,50,93,-2.75
1,1.2329999999999999,50,93,-2.75
0,1.36,50,93,-2.75
0,1.252,50,93,-2.75
0,1.9809999999999999,50,93,-2.75
0,1.052,50,93,-2.75
0,1.18,50,93,-2.75
0,1.185,50,93,-2.75
0,1.238,50,93,-2.75
0,1.083,50,93,-2.75
0,1.51,50,93,-1.625
0,1.516,50,93,-1.625
1,2.153,50,93,-1.625
1,1.111,50,93,-1.625
0,2.101,50,93,-1.625
0,1.536,50,93,-1.625
1,0.9309999999999999,50,93,-1.625
0,1.148,50,93,-1.625
0,1.276,50,93,-1.625
0,1.537,50,93,-1.625
0,1.9969999999999999,50,93,-0.5
1,1.725,50,93,-0.5
1,1.228,50,93,-0.5
0,1.526,50,93,-0.5
0,2.045,50,93,-0.5
1,1.021,50,93,-0.5
1,1.186,50,93,-0.5
1,1.5330000000000001,50,93,-0.5
0,1.3319999999999999,50,93,-0.5
1,1.386,50,93,-0.5
0,5.343,50,93,0.5
1,3.885,50,93,0.5
1,2.241,50,93,0.5
1,1.7069999999999999,50,93,0.5
1,3.5460000000000003,50,93,0.5
0,3.25,50,93,0.5
0,5.191,50,93,0.5
0,1.334,50,93,0.5
0,2.5269999999999997,50,93,0.5
0,2.066,50,93,0.5
1,1.49,50,93,1.625
1,2.667,50,93,1.625
1,1.7630000000000001,50,93,1.625
1,1.6119999999999999,50,93,1.625
1,4.7360000000000015,50,93,1.625
1,2.958,50,93,1.625
1,1.23,50,93,1.625
0,1.7480000000000002,50,93,1.625
0,1.5330000000000001,50,93,1.625
1,1.36,50,93,1.625
1,2.5980000000000003,50,93,2.75
1,1.9580000000000002,50,93,2.75
1,1.6869999999999998,50,93,2.75
0,1.2790000000000001,50,93,2.75
1,1.893,50,93,2.75
1,1.3219999999999998,50,93,2.75
1,2.013,50,93,2.75
1,0.737,50,93,2.75
1,1.801,50,93,2.75
1,1.205,50,93,2.75
1,1.473,50,93,3.875
1,5.176,50,93,3.875
1,1.425,50,93,3.875
1,1.851,50,93,3.875
1,1.93,50,93,3.875
1,1.444,50,93,3.875
1,1.091,50,93,3.875
1,2.2230000000000003,50,93,3.875
1,1.672,50,93,3.875
1,1.3330000000000002,50,93,3.875
1,6.296,50,93,5.0
1,1.5419999999999998,50,93,5.0
1,2.329,50,93,5.0
1,1.179,50,93,5.0
1,1.043,50,93,5.0
1,1.4609999999999999,50,93,5.0
1,0.81,50,93,5.0
1,2.331,50,93,5.0
1,1.412,50,93,5.0
1,1.828,50,93,5.0
0,1.469,50,177,-7.0
0,2.434,50,177,-7.0
0,1.4280000000000002,50,177,-7.0
0,1.495,50,177,-7.0
0,1.994,50,177,-7.0
0,1.6680000000000001,50,177,-7.0
0,1.105,50,177,-7.0
0,1.124,50,177,-7.0
0,1.249,50,177,-7.0
0,1.159,50,177,-7.0
0,1.577,50,177,-5.375
0,1.6740000000000002,50,177,-5.375
0,1.3430000000000002,50,177,-5.375
0,1.433,50,177,-5.375
0,1.45,50,177,-5.375
0,1.7109999999999999,50,177,-5.375
0,1.093,50,177,-5.375
1,0.965,50,177,-5.375
0,1.206,50,177,-5.375
0,1.5219999999999998,50,177,-5.375
0,1.859,50,177,-3.75
0,1.901,50,177,-3.75
0,1.9380000000000002,50,177,-3.75
0,2.6010000000000004,50,177,-3.75
0,1.018,50,177,-3.75
0,1.1179999999999999,50,177,-3.75
0,1.389,50,177,-3.75
0,1.305,50,177,-3.75
0,1.101,50,177,-3.75
0,1.973,50,177,-3.75
0,1.791,50,177,-2.125
0,2.181,50,177,-2.125
0,1.25,50,177,-2.125
0,1.504,50,177,-2.125
0,1.278,50,177,-2.125
1,1.46,50,177,-2.125
0,1.084,50,177,-2.125
0,1.426,50,177,-2.125
0,1.14,50,177,-2.125
0,1.436,50,177,-2.125
1,1.649,50,177,-0.5
1,1.7519999999999998,50,177,-0.5
0,1.912,50,177,-0.5
0,2.799,50,177,-0.5
1,1.41,50,177,-0.5
1,1.355,50,177,-0.5
0,2.134,50,177,-0.5
0,1.9180000000000001,50,177,-0.5
0,1.4880000000000002,50,177,-0.5
0,1.65,50,177,-0.5
1,2.176,50,177,0.5
0,2.3609999999999998,50,177,0.5
0,2.056,50,177,0.5
0,1.96,50,177,0.5
0,1.275,50,177,0.5
1,2.2640000000000002,50,177,0.5
0,1.921,50,177,0.5
0,2.3280000000000003,50,177,0.5
0,2.214,50,177,0.5
1,1.564,50,177,0.5
1,3.267,50,177,2.125
1,2.291,50,177,2.125
1,3.2910000000000004,50,177,2.125
0,3.648,50,177,2.125
1,2.009,50,177,2.125
1,2.05,50,177,2.125
1,1.311,50,177,2.125
0,1.194,50,177,2.125
0,1.089,50,177,2.125
1,1.5630000000000002,50,177,2.125
1,1.5430000000000001,50,177,3.75
1,1.393,50,177,3.75
1,2.164,50,177,3.75
1,2.8760000000000003,50,177,3.75
1,3.875,50,177,3.75
1,1.04,50,177,3.75
1,1.993,50,177,3.75
1,0.9740000000000001,50,177,3.75
1,1.825,50,177,3.75
1,1.6769999999999998,50,177,3.75
1,1.936,50,177,5.375
1,2.873,50,177,5.375
1,1.4480000000000002,50,177,5.375
1,1.093,50,177,5.375
1,1.178,50,177,5.375
1,2.825,50,177,5.375
1,1.814,50,177,5.375
1,1.443,50,177,5.375
1,1.625,50,177,5.375
1,1.0070000000000001,50,177,5.375
1,1.528,50,177,7.0
1,2.137,50,177,7.0
1,3.196,50,177,7.0
1,2.2159999999999997,50,177,7.0
1,2.174,50,177,7.0
1,1.122,50,177,7.0
1,0.95,50,177,7.0
1,1.7690000000000001,50,177,7.0
1,2.795,50,177,7.0
1,2.736,50,177,7.0
0,1.99,50,261,-8.0
0,1.2590000000000001,50,261,-8.0
0,1.749,50,261,-8.0
0,1.6,50,261,-8.0
0,1.787,50,261,-8.0
0,1.121,50,261,-8.0
0,1.3730000000000002,50,261,-8.0
1,1.3969999999999998,50,261,-8.0
0,1.439,50,261,-8.0
0,1.008,50,261,-8.0
0,1.357,50,261,-6.125
0,1.228,50,261,-6.125
0,1.724,50,261,-6.125
0,2.1069999999999998,50,261,-6.125
0,1.34,50,261,-6.125
0,2.4130000000000003,50,261,-6.125
0,1.5330000000000001,50,261,-6.125
0,1.258,50,261,-6.125
0,1.882,50,261,-6.125
1,1.511,50,261,-6.125
0,1.6,50,261,-4.25
0,1.594,50,261,-4.25
0,3.265,50,261,-4.25
0,1.6119999999999999,50,261,-4.25
0,2.133,50,261,-4.25
0,1.208,50,261,-4.25
0,1.453,50,261,-4.25
0,1.278,50,261,-4.25
0,1.113,50,261,-4.25
1,1.883,50,261,-4.25
1,1.607,50,261,-2.375
0,0.9279999999999999,50,261,-2.375
0,2.024,50,261,-2.375
0,2.097,50,261,-2.375
0,1.2919999999999998,50,261,-2.375
0,2.1069999999999998,50,261,-2.375
0,1.761,50,261,-2.375
1,1.4069999999999998,50,261,-2.375
1,1.653,50,261,-2.375
0,4.086,50,261,-2.375
0,1.31,50,261,-0.5
0,1.265,50,261,-0.5
0,2.2430000000000003,50,261,-0.5
1,1.087,50,261,-0.5
1,1.3430000000000002,50,261,-0.5
0,1.339,50,261,-0.5
1,1.7590000000000001,50,261,-0.5
0,1.275,50,261,-0.5
1,1.052,50,261,-0.5
1,1.5630000000000002,50,261,-0.5
1,2.318,50,261,0.5
1,2.892,50,261,0.5
0,2.7680000000000002,50,261,0.5
1,1.25,50,261,0.5
1,2.25,50,261,0.5
1,1.5730000000000002,50,261,0.5
0,3.0589999999999997,50,261,0.5
1,1.5119999999999998,50,261,0.5
0,1.052,50,261,0.5
0,1.879,50,261,0.5
1,2.136,50,261,2.375
1,1.579,50,261,2.375
1,1.574,50,261,2.375
1,1.9580000000000002,50,261,2.375
1,4.628,50,261,2.375
1,2.8989999999999996,50,261,2.375
1,1.29,50,261,2.375
1,1.327,50,261,2.375
1,2.6660000000000004,50,261,2.375
1,4.056,50,261,2.375
1,1.527,50,261,4.25
1,1.683,50,261,4.25
1,3.023,50,261,4.25
1,6.709,50,261,4.25
1,1.617,50,261,4.25
1,1.95,50,261,4.25
1,1.2930000000000001,50,261,4.25
0,1.3030000000000002,50,261,4.25
1,1.5230000000000001,50,261,4.25
1,1.3359999999999999,50,261,4.25
1,1.6769999999999998,50,261,6.125
1,2.37,50,261,6.125
1,2.713,50,261,6.125
1,1.665,50,261,6.125
1,2.43,50,261,6.125
1,1.6969999999999998,50,261,6.125
1,1.4680000000000002,50,261,6.125
1,2.687,50,261,6.125
1,1.175,50,261,6.125
1,1.714,50,261,6.125
1,2.021,50,261,8.0
1,1.69,50,261,8.0
1,1.358,50,261,8.0
1,4.322,50,261,8.0
1,2.0780000000000003,50,261,8.0
1,2.7939999999999996,50,261,8.0
1,1.186,50,261,8.0
1,1.319,50,261,8.0
1,1.2770000000000001,50,261,8.0
1,1.9469999999999998,50,261,8.0
0,1.745,50,345,-9.0
0,1.305,50,345,-9.0
0,1.446,50,345,-9.0
0,1.6980000000000002,50,345,-9.0
0,1.2109999999999999,50,345,-9.0
0,1.253,50,345,-9.0
0,1.071,50,345,-9.0
0,1.406,50,345,-9.0
0,1.24,50,345,-9.0
0,1.104,50,345,-9.0
0,1.369,50,345,-6.875
0,2.972,50,345,-6.875
0,1.9,50,345,-6.875
0,1.608,50,345,-6.875
0,1.357,50,345,-6.875
0,1.446,50,345,-6.875
0,2.131,50,345,-6.875
0,1.064,50,345,-6.875
0,1.391,50,345,-6.875
0,3.6910000000000003,50,345,-6.875
0,2.6039999999999996,50,345,-4.75
0,1.48,50,345,-4.75
0,1.77,50,345,-4.75
0,0.985,50,345,-4.75
1,1.262,50,345,-4.75
1,1.127,50,345,-4.75
0,1.1159999999999999,50,345,-4.75
0,1.3769999999999998,50,345,-4.75
0,1.29,50,345,-4.75
1,1.105,50,345,-4.75
0,1.568,50,345,-2.625
0,2.023,50,345,-2.625
1,1.3969999999999998,50,345,-2.625
0,0.17800000000000002,50,345,-2.625
0,1.341,50,345,-2.625
1,1.2329999999999999,50,345,-2.625
1,1.902,50,345,-2.625
1,2.247,50,345,-2.625
0,1.45,50,345,-2.625
0,1.5859999999999999,50,345,-2.625
1,1.551,50,345,-0.5
0,1.423,50,345,-0.5
0,2.03,50,345,-0.5
0,3.193,50,345,-0.5
1,1.4480000000000002,50,345,-0.5
0,1.3090000000000002,50,345,-0.5
0,1.4809999999999999,50,345,-0.5
0,1.133,50,345,-0.5
0,1.7369999999999999,50,345,-0.5
1,1.097,50,345,-0.5
1,1.83,50,345,0.5
0,3.286,50,345,0.5
1,2.142,50,345,0.5
0,1.516,50,345,0.5
1,2.4930000000000003,50,345,0.5
0,1.749,50,345,0.5
0,1.499,50,345,0.5
0,1.405,50,345,0.5
1,1.173,50,345,0.5
1,1.166,50,345,0.5
1,1.8769999999999998,50,345,2.625
1,2.287,50,345,2.625
1,1.9040000000000001,50,345,2.625
1,1.192,50,345,2.625
1,1.172,50,345,2.625
1,1.989,50,345,2.625
1,3.4160000000000004,50,345,2.625
1,2.365,50,345,2.625
1,1.651,50,345,2.625
1,2.576,50,345,2.625
1,3.009,50,345,4.75
1,1.777,50,345,4.75
1,2.6510000000000002,50,345,4.75
1,2.419,50,345,4.75
1,1.656,50,345,4.75
1,1.662,50,345,4.75
1,0.943,50,345,4.75
1,1.615,50,345,4.75
1,2.051,50,345,4.75
1,1.374,50,345,4.75
1,2.026,50,345,6.875
1,1.96,50,345,6.875
1,1.507,50,345,6.875
1,2.682,50,345,6.875
1,1.919,50,345,6.875
1,2.385,50,345,6.875
1,1.27,50,345,6.875
1,1.148,50,345,6.875
1,1.831,50,345,6.875
1,1.0659999999999998,50,345,6.875
1,1.693,50,345,9.0
1,1.188,50,345,9.0
1,1.597,50,345,9.0
1,1.484,50,345,9.0
1,1.068,50,345,9.0
1,1.386,50,345,9.0
1,8.247,50,345,9.0
1,1.885,50,345,9.0
1,1.228,50,345,9.0
1,1.646,50,345,9.0
0,1.06,100,9,-2.0
0,1.2209999999999999,100,9,-2.0
0,1.075,100,9,-2.0
0,1.8130000000000002,100,9,-2.0
0,1.442,100,9,-2.0
0,1.204,100,9,-2.0
0,1.374,100,9,-2.0
0,0.951,100,9,-2.0
0,0.922,100,9,-2.0
0,0.9790000000000001,100,9,-2.0
0,1.168,100,9,-1.525
0,1.24,100,9,-1.525
0,1.113,100,9,-1.525
0,1.094,100,9,-1.525
0,1.3419999999999999,100,9,-1.525
0,1.061,100,9,-1.525
0,1.891,100,9,-1.525
1,1.2790000000000001,100,9,-1.525
0,1.025,100,9,-1.525
0,1.123,100,9,-1.525
0,1.341,100,9,-1.05
0,1.5490000000000002,100,9,-1.05
0,1.122,100,9,-1.05
0,1.215,100,9,-1.05
0,1.376,100,9,-1.05
1,1.4709999999999999,100,9,-1.05
0,1.435,100,9,-1.05
0,1.057,100,9,-1.05
0,1.288,100,9,-1.05
0,1.7590000000000001,100,9,-1.05
0,1.618,100,9,-0.5750000000000002
0,1.456,100,9,-0.5750000000000002
0,1.389,100,9,-0.5750000000000002
0,1.127,100,9,-0.5750000000000002
1,1.042,100,9,-0.5750000000000002
0,1.069,100,9,-0.5750000000000002
0,1.71,100,9,-0.5750000000000002
0,1.199,100,9,-0.5750000000000002
0,0.9620000000000001,100,9,-0.5750000000000002
0,1.3780000000000001,100,9,-0.5750000000000002
0,1.176,100,9,-0.10000000000000007
1,1.085,100,9,-0.10000000000000007
1,1.2830000000000001,100,9,-0.10000000000000007
0,1.6219999999999999,100,9,-0.10000000000000007
0,1.82,100,9,-0.10000000000000007
1,1.014,100,9,-0.10000000000000007
0,1.0170000000000001,100,9,-0.10000000000000007
1,1.22,100,9,-0.10000000000000007
1,1.1540000000000001,100,9,-0.10000000000000007
0,1.351,100,9,-0.10000000000000007
1,1.9880000000000002,100,9,0.1
0,3.5989999999999998,100,9,0.1
1,1.61,100,9,0.1
1,0.9359999999999999,100,9,0.1
0,2.702,100,9,0.1
1,2.573,100,9,0.1
1,1.242,100,9,0.1
1,1.016,100,9,0.1
1,0.955,100,9,0.1
1,3.758,100,9,0.575
1,3.846,100,9,0.575
1,2.061,100,9,0.575
1,1.057,100,9,0.575
1,0.88,100,9,0.575
0,18.611,100,9,0.575
0,3.864,100,9,0.575
1,0.92,100,9,0.575
0,3.02,100,9,0.575
1,1.706,100,9,0.575
1,2.052,100,9,1.05
1,1.943,100,9,1.05
1,3.1710000000000003,100,9,1.05
1,1.886,100,9,1.05
1,4.128,100,9,1.05
1,5.638999999999999,100,9,1.05
1,2.4619999999999997,100,9,1.05
1,1.328,100,9,1.05
1,1.111,100,9,1.05
1,1.33,100,9,1.05
1,1.311,100,9,1.525
1,1.1,100,9,1.525
1,2.448,100,9,1.525
1,1.433,100,9,1.525
1,1.7469999999999999,100,9,1.525
1,1.4869999999999999,100,9,1.525
1,1.844,100,9,1.525
1,1.591,100,9,1.525
1,1.926,100,9,1.525
1,1.216,100,9,1.525
1,3.742,100,9,2.0
1,1.285,100,9,2.0
1,1.9880000000000002,100,9,2.0
1,1.227,100,9,2.0
1,0.851,100,9,2.0
1,1.72,100,9,2.0
1,1.945,100,9,2.0
1,1.5119999999999998,100,9,2.0
1,1.104,100,9,2.0
1,0.865,100,9,2.0
0,1.44,100,93,-5.0
0,2.101,100,93,-5.0
0,1.841,100,93,-5.0
0,1.651,100,93,-5.0
0,1.412,100,93,-5.0
0,1.8940000000000001,100,93,-5.0
0,1.922,100,93,-5.0
0,1.143,100,93,-5.0
0,1.12,100,93,-5.0
0,1.256,100,93,-5.0
0,1.3419999999999999,100,93,-3.875
0,2.526,100,93,-3.875
0,1.11,100,93,-3.875
0,1.992,100,93,-3.875
0,1.189,100,93,-3.875
0,1.567,100,93,-3.875
0,1.485,100,93,-3.875
0,1.032,100,93,-3.875
0,1.203,100,93,-3.875
0,1.149,100,93,-3.875
0,1.335,100,93,-2.75
1,1.672,100,93,-2.75
0,1.344,100,93,-2.75
0,1.22,100,93,-2.75
0,1.031,100,93,-2.75
0,2.383,100,93,-2.75
0,1.208,100,93,-2.75
0,1.672,100,93,-2.75
0,1.161,100,93,-2.75
0,2.106,100,93,-2.75
0,1.598,100,93,-1.625
0,2.272,100,93,-1.625
0,1.212,100,93,-1.625
0,1.205,100,93,-1.625
1,1.272,100,93,-1.625
0,1.368,100,93,-1.625
0,1.1420000000000001,100,93,-1.625
1,2.069,100,93,-1.625
1,1.444,100,93,-1.625
1,1.37,100,93,-1.625
0,3.0660000000000003,100,93,-0.5
1,2.366,100,93,-0.5
1,1.3219999999999998,100,93,-0.5
0,1.5,100,93,-0.5
0,1.871,100,93,-0.5
0,1.35,100,93,-0.5
1,0.995,100,93,-0.5
0,1.621,100,93,-0.5
0,1.6669999999999998,100,93,-0.5
0,1.3030000000000002,100,93,-0.5
0,1.6780000000000002,100,93,0.5
1,1.9609999999999999,100,93,0.5
0,1.51,100,93,0.5
1,2.7230000000000003,100,93,0.5
1,2.191,100,93,0.5
1,1.821,100,93,0.5
1,2.131,100,93,0.5
1,3.713,100,93,0.5
1,1.29,100,93,0.5
1,0.9209999999999999,100,93,0.5
1,1.824,100,93,1.625
0,3.388,100,93,1.625
1,1.5019999999999998,100,93,1.625
1,2.838,100,93,1.625
1,1.5190000000000001,100,93,1.625
1,2.029,100,93,1.625
1,1.489,100,93,1.625
1,1.646,100,93,1.625
1,1.743,100,93,1.625
1,1.435,100,93,1.625
1,2.742,100,93,2.75
1,1.99,100,93,2.75
1,4.104,100,93,2.75
1,1.835,100,93,2.75
1,2.6439999999999997,100,93,2.75
1,1.49,100,93,2.75
1,1.8119999999999998,100,93,2.75
1,1.2990000000000002,100,93,2.75
1,1.4609999999999999,100,93,2.75
1,1.2229999999999999,100,93,2.75
1,1.911,100,93,3.875
1,1.3630000000000002,100,93,3.875
1,0.937,100,93,3.875
1,4.638,100,93,3.875
1,1.242,100,93,3.875
1,1.4369999999999998,100,93,3.875
1,1.685,100,93,3.875
1,1.641,100,93,3.875
1,1.139,100,93,3.875
1,2.003,100,93,3.875
1,2.164,100,93,5.0
1,1.9369999999999998,100,93,5.0
1,4.716,100,93,5.0
1,1.27,100,93,5.0
1,2.477,100,93,5.0
1,0.903,100,93,5.0
1,1.297,100,93,5.0
1,2.872,100,93,5.0
1,1.331,100,93,5.0
1,1.315,100,93,5.0
0,1.128,100,93,5.0
0,1.964,100,177,-7.0
0,3.3760000000000003,100,177,-7.0
1,1.307,100,177,-7.0
0,1.43,100,177,-7.0
0,1.074,100,177,-7.0
0,2.251,100,177,-7.0
1,1.173,100,177,-7.0
0,1.48,100,177,-7.0
0,1.47,100,177,-7.0
1,1.29,100,177,-7.0
1,2.064,100,177,-5.375
0,1.369,100,177,-5.375
0,1.4969999999999999,100,177,-5.375
1,1.96,100,177,-5.375
0,1.204,100,177,-5.375
0,1.4409999999999998,100,177,-5.375
0,2.55,100,177,-5.375
1,1.286,100,177,-5.375
1,4.7589999999999995,100,177,-5.375
0,2.65,100,177,-5.375
0,1.534,100,177,-3.75
1,1.278,100,177,-3.75
0,1.4480000000000002,100,177,-3.75
0,1.1420000000000001,100,177,-3.75
0,3.065,100,177,-3.75
1,2.0340000000000003,100,177,-3.75
0,1.4380000000000002,100,177,-3.75
0,1.409,100,177,-3.75
1,1.4040000000000001,100,177,-3.75
0,1.2670000000000001,100,177,-3.75
1,1.466,100,177,-2.125
1,2.138,100,177,-2.125
1,37.085,100,177,-2.125
0,1.3630000000000002,100,177,-2.125
0,1.262,100,177,-2.125
1,1.476,100,177,-2.125
1,1.65,100,177,-2.125
1,1.045,100,177,-2.125
0,1.246,100,177,-2.125
0,2.426,100,177,-2.125
0,1.723,100,177,-0.5
1,1.475,100,177,-0.5
0,2.136,100,177,-0.5
0,1.453,100,177,-0.5
0,1.139,100,177,-0.5
0,1.375,100,177,-0.5
0,1.47,100,177,-0.5
1,1.466,100,177,-0.5
0,2.945,100,177,-0.5
1,1.386,100,177,-0.5
1,2.464,100,177,0.5
0,4.56,100,177,0.5
1,2.812,100,177,0.5
0,1.9469999999999998,100,177,0.5
1,1.9669999999999999,100,177,0.5
0,4.774,100,177,0.5
1,1.515,100,177,0.5
0,2.1430000000000002,100,177,0.5
1,2.188,100,177,0.5
0,2.217,100,177,0.5
0,1.821,100,177,2.125
1,1.446,100,177,2.125
0,1.828,100,177,2.125
1,3.95,100,177,2.125
0,1.771,100,177,2.125
0,3.293,100,177,2.125
1,3.362,100,177,2.125
0,1.6980000000000002,100,177,2.125
0,1.964,100,177,2.125
1,2.202,100,177,2.125
1,2.188,100,177,3.75
1,1.331,100,177,3.75
1,1.7919999999999998,100,177,3.75
0,1.482,100,177,3.75
1,2.154,100,177,3.75
0,1.273,100,177,3.75
1,1.178,100,177,3.75
1,1.57,100,177,3.75
0,2.068,100,177,3.75
1,2.228,100,177,3.75
1,2.202,100,177,5.375
1,2.1180000000000003,100,177,5.375
0,2.136,100,177,5.375
1,2.8680000000000003,100,177,5.375
1,3.3539999999999996,100,177,5.375
1,3.306,100,177,5.375
1,1.215,100,177,5.375
1,1.4780000000000002,100,177,5.375
1,0.846,100,177,5.375
1,1.449,100,177,5.375
1,5.2410000000000005,100,177,7.0
1,2.377,100,177,7.0
1,3.0180000000000002,100,177,7.0
1,1.75,100,177,7.0
1,4.833,100,177,7.0
1,1.445,100,177,7.0
1,2.162,100,177,7.0
1,1.17,100,177,7.0
0,1.157,100,177,7.0
0,1.405,100,261,-8.0
0,1.594,100,261,-8.0
0,2.197,100,261,-8.0
0,1.3559999999999999,100,261,-8.0
0,1.244,100,261,-8.0
1,1.815,100,261,-8.0
1,1.195,100,261,-8.0
1,1.472,100,261,-8.0
1,1.075,100,261,-8.0
0,1.545,100,261,-8.0
0,18.113,100,261,-6.125
0,2.003,100,261,-6.125
0,2.7239999999999998,100,261,-6.125
0,2.154,100,261,-6.125
0,1.149,100,261,-6.125
0,2.119,100,261,-6.125
0,1.581,100,261,-6.125
0,1.432,100,261,-6.125
0,1.516,100,261,-6.125
0,6.5920000000000005,100,261,-6.125
0,2.4619999999999997,100,261,-4.25
0,3.197,100,261,-4.25
1,2.9989999999999997,100,261,-4.25
0,1.385,100,261,-4.25
0,1.999,100,261,-4.25
0,1.239,100,261,-4.25
0,1.788,100,261,-4.25
1,2.474,100,261,-4.25
1,1.281,100,261,-4.25
0,1.839,100,261,-4.25
0,2.234,100,261,-2.375
0,1.393,100,261,-2.375
0,1.8840000000000001,100,261,-2.375
0,1.621,100,261,-2.375
1,1.834,100,261,-2.375
1,2.015,100,261,-2.375
1,1.306,100,261,-2.375
0,1.285,100,261,-2.375
0,1.234,100,261,-2.375
0,1.484,100,261,-2.375
1,1.885,100,261,-0.5
0,1.755,100,261,-0.5
0,4.461,100,261,-0.5
1,1.635,100,261,-0.5
1,2.224,100,261,-0.5
0,1.531,100,261,-0.5
0,2.833,100,261,-0.5
0,1.258,100,261,-0.5
0,1.756,100,261,-0.5
0,1.09,100,261,-0.5
1,1.8230000000000002,100,261,0.5
0,1.902,100,261,0.5
0,1.334,100,261,0.5
0,3.911,100,261,0.5
1,3.112,100,261,0.5
1,2.653,100,261,0.5
0,2.3369999999999997,100,261,0.5
1,1.72,100,261,0.5
0,1.249,100,261,0.5
1,2.862,100,261,0.5
0,2.3609999999999998,100,261,2.375
1,1.925,100,261,2.375
1,2.061,100,261,2.375
1,1.46,100,261,2.375
0,2.597,100,261,2.375
1,4.574,100,261,2.375
1,3.67,100,261,2.375
0,4.3580000000000005,100,261,2.375
0,3.48,100,261,2.375
1,1.4809999999999999,100,261,2.375
1,1.5719999999999998,100,261,4.25
1,2.682,100,261,4.25
1,2.309,100,261,4.25
1,2.886,100,261,4.25
1,1.915,100,261,4.25
1,2.895,100,261,4.25
0,2.4659999999999997,100,261,4.25
1,2.7239999999999998,100,261,4.25
1,2.224,100,261,4.25
1,1.345,100,261,4.25
1,1.6269999999999998,100,261,6.125
1,1.976,100,261,6.125
1,1.4780000000000002,100,261,6.125
1,1.6780000000000002,100,261,6.125
1,2.177,100,261,6.125
1,1.268,100,261,6.125
1,1.626,100,261,6.125
1,1.56,100,261,6.125
1,3.123,100,261,6.125
0,1.621,100,261,6.125
1,2.245,100,261,8.0
0,2.8,100,261,8.0
1,1.453,100,261,8.0
0,0.168,100,261,8.0
1,5.935,100,261,8.0
1,1.608,100,261,8.0
1,2.282,100,261,8.0
0,2.1590000000000003,100,261,8.0
1,2.165,100,261,8.0
1,1.8419999999999999,100,261,8.0
1,1.9369999999999998,100,345,-9.0
0,1.92,100,345,-9.0
0,1.315,100,345,-9.0
0,1.774,100,345,-9.0
0,1.472,100,345,-9.0
0,1.505,100,345,-9.0
0,1.131,100,345,-9.0
0,1.052,100,345,-9.0
0,1.375,100,345,-9.0
0,1.7269999999999999,100,345,-9.0
0,1.425,100,345,-6.875
0,1.631,100,345,-6.875
0,1.425,100,345,-6.875
1,1.3969999999999998,100,345,-6.875
0,1.796,100,345,-6.875
0,1.415,100,345,-6.875
1,3.7560000000000002,100,345,-6.875
0,3.338,100,345,-6.875
1,1.194,100,345,-6.875
0,2.081,100,345,-6.875
0,1.4780000000000002,100,345,-4.75
0,1.631,100,345,-4.75
0,2.206,100,345,-4.75
0,1.5719999999999998,100,345,-4.75
0,1.4969999999999999,100,345,-4.75
0,1.148,100,345,-4.75
0,1.442,100,345,-4.75
0,1.297,100,345,-4.75
0,1.3259999999999998,100,345,-4.75
0,1.02,100,345,-4.75
0,2.217,100,345,-2.625
0,1.739,100,345,-2.625
0,1.972,100,345,-2.625
1,1.608,100,345,-2.625
0,1.3519999999999999,100,345,-2.625
0,1.189,100,345,-2.625
0,1.4269999999999998,100,345,-2.625
1,1.92,100,345,-2.625
1,1.38,100,345,-2.625
0,4.515,100,345,-2.625
1,1.327,100,345,-0.5
1,1.645,100,345,-0.5
1,0.9159999999999999,100,345,-0.5
0,1.094,100,345,-0.5
1,1.455,100,345,-0.5
1,1.68,100,345,-0.5
1,2.575,100,345,-0.5
0,2.571,100,345,-0.5
1,2.082,100,345,-0.5
1,1.22,100,345,-0.5
1,2.2,100,345,0.5
0,2.542,100,345,0.5
1,1.446,100,345,0.5
0,2.8080000000000003,100,345,0.5
1,1.297,100,345,0.5
0,1.3530000000000002,100,345,0.5
1,1.5530000000000002,100,345,0.5
1,1.761,100,345,0.5
0,2.677,100,345,0.5
0,1.046,100,345,0.5
1,2.019,100,345,2.625
1,3.324,100,345,2.625
1,1.639,100,345,2.625
0,2.0909999999999997,100,345,2.625
1,1.331,100,345,2.625
0,11.97,100,345,2.625
0,1.112,100,345,2.625
0,1.517,100,345,2.625
1,2.93,100,345,2.625
0,1.102,100,345,2.625
1,6.994,100,345,4.75
1,1.7530000000000001,100,345,4.75
1,1.754,100,345,4.75
0,1.6480000000000001,100,345,4.75
1,2.628,100,345,4.75
1,2.783,100,345,4.75
1,1.673,100,345,4.75
1,1.774,100,345,4.75
1,1.2229999999999999,100,345,4.75
1,1.32,100,345,4.75
1,1.81,100,345,4.75
0,3.242,100,345,6.875
1,3.3710000000000004,100,345,6.875
0,2.57,100,345,6.875
1,2.14,100,345,6.875
1,1.374,100,345,6.875
1,1.7719999999999998,100,345,6.875
1,2.447,100,345,6.875
1,1.517,100,345,6.875
1,2.96,100,345,6.875
1,1.3019999999999998,100,345,6.875
1,2.128,100,345,9.0
1,3.228,100,345,9.0
1,2.545,100,345,9.0
1,1.3219999999999998,100,345,9.0
1,1.94,100,345,9.0
1,0.986,100,345,9.0
1,1.82,100,345,9.0
1,2.256,100,345,9.0
1,1.48,100,345,9.0
0,1.454,150,9,-2.0
0,1.6130000000000002,150,9,-2.0
0,1.5430000000000001,150,9,-2.0
0,1.177,150,9,-2.0
0,1.092,150,9,-2.0
0,0.987,150,9,-2.0
0,1.255,150,9,-2.0
0,1.307,150,9,-2.0
0,1.31,150,9,-2.0
0,1.222,150,9,-2.0
0,1.419,150,9,-1.525
0,1.574,150,9,-1.525
0,1.1340000000000001,150,9,-1.525
0,1.115,150,9,-1.525
0,1.127,150,9,-1.525
0,0.9990000000000001,150,9,-1.525
0,0.987,150,9,-1.525
0,1.169,150,9,-1.525
0,1.09,150,9,-1.525
0,1.2590000000000001,150,9,-1.525
0,1.206,150,9,-1.05
0,1.861,150,9,-1.05
0,1.501,150,9,-1.05
0,1.307,150,9,-1.05
0,1.791,150,9,-1.05
0,1.1059999999999999,150,9,-1.05
0,1.406,150,9,-1.05
0,1.043,150,9,-1.05
0,1.2229999999999999,150,9,-1.05
0,1.139,150,9,-1.05
0,1.587,150,9,-0.5750000000000002
0,1.3940000000000001,150,9,-0.5750000000000002
1,1.1,150,9,-0.5750000000000002
0,1.286,150,9,-0.5750000000000002
0,1.2009999999999998,150,9,-0.5750000000000002
0,1.151,150,9,-0.5750000000000002
0,1.381,150,9,-0.5750000000000002
0,1.239,150,9,-0.5750000000000002
0,1.122,150,9,-0.5750000000000002
0,1.544,150,9,-0.5750000000000002
1,3.9419999999999997,150,9,-0.10000000000000007
0,1.528,150,9,-0.10000000000000007
0,1.527,150,9,-0.10000000000000007
1,1.3940000000000001,150,9,-0.10000000000000007
1,1.608,150,9,-0.10000000000000007
1,1.053,150,9,-0.10000000000000007
0,1.3259999999999998,150,9,-0.10000000000000007
1,1.147,150,9,-0.10000000000000007
0,1.358,150,9,-0.10000000000000007
0,1.735,150,9,-0.10000000000000007
0,2.262,150,9,0.1
0,2.326,150,9,0.1
1,2.011,150,9,0.1
1,1.5190000000000001,150,9,0.1
1,1.449,150,9,0.1
1,1.838,150,9,0.1
0,1.395,150,9,0.1
1,4.769,150,9,0.1
0,1.7830000000000001,150,9,0.1
1,0.9129999999999999,150,9,0.1
1,1.36,150,9,0.575
1,2.815,150,9,0.575
1,3.017,150,9,0.575
1,2.4019999999999997,150,9,0.575
1,2.001,150,9,0.575
1,1.6230000000000002,150,9,0.575
1,2.088,150,9,0.575
0,1.8619999999999999,150,9,0.575
0,0.996,150,9,0.575
1,1.075,150,9,0.575
1,1.6340000000000001,150,9,1.05
1,1.171,150,9,1.05
1,1.3969999999999998,150,9,1.05
1,3.05,150,9,1.05
1,1.32,150,9,1.05
1,1.6780000000000002,150,9,1.05
1,1.588,150,9,1.05
1,0.9840000000000001,150,9,1.05
1,1.136,150,9,1.05
0,1.183,150,9,1.05
1,1.5819999999999999,150,9,1.525
1,1.7169999999999999,150,9,1.525
1,1.247,150,9,1.525
1,0.9179999999999999,150,9,1.525
1,1.092,150,9,1.525
1,0.932,150,9,1.525
1,1.829,150,9,1.525
1,1.1740000000000002,150,9,1.525
1,1.568,150,9,1.525
1,1.2,150,9,1.525
1,1.392,150,9,2.0
1,0.9520000000000001,150,9,2.0
1,1.095,150,9,2.0
1,1.631,150,9,2.0
1,1.183,150,9,2.0
1,1.002,150,9,2.0
1,2.01,150,9,2.0
1,1.111,150,9,2.0
1,0.997,150,9,2.0
1,2.241,150,9,2.0
0,1.901,150,93,-5.0
0,1.139,150,93,-5.0
1,2.59,150,93,-5.0
0,1.775,150,93,-5.0
0,1.32,150,93,-5.0
0,1.713,150,93,-5.0
0,1.5,150,93,-5.0
0,1.482,150,93,-5.0
0,1.311,150,93,-5.0
0,1.256,150,93,-5.0
0,1.808,150,93,-3.875
0,4.561,150,93,-3.875
0,2.7289999999999996,150,93,-3.875
0,1.999,150,93,-3.875
0,1.518,150,93,-3.875
0,1.288,150,93,-3.875
0,1.412,150,93,-3.875
0,1.315,150,93,-3.875
1,1.287,150,93,-3.875
0,1.359,150,93,-3.875
0,2.853,150,93,-2.75
0,1.327,150,93,-2.75
1,1.5930000000000002,150,93,-2.75
1,3.181,150,93,-2.75
0,1.115,150,93,-2.75
0,13.13,150,93,-2.75
0,1.636,150,93,-2.75
0,1.504,150,93,-2.75
0,17.087,150,93,-2.75
0,1.4509999999999998,150,93,-2.75
0,2.5069999999999997,150,93,-1.625
0,1.255,150,93,-1.625
0,1.8030000000000002,150,93,-1.625
0,1.43,150,93,-1.625
0,1.472,150,93,-1.625
1,1.199,150,93,-1.625
0,1.344,150,93,-1.625
0,1.192,150,93,-1.625
0,3.844,150,93,-1.625
0,1.521,150,93,-1.625
0,1.564,150,93,-0.5
0,2.005,150,93,-0.5
1,1.9980000000000002,150,93,-0.5
1,1.567,150,93,-0.5
1,1.3130000000000002,150,93,-0.5
1,1.006,150,93,-0.5
1,1.703,150,93,-0.5
1,2.081,150,93,-0.5
0,1.61,150,93,-0.5
1,2.076,150,93,-0.5
1,1.564,150,93,0.5
1,1.7180000000000002,150,93,0.5
1,1.66,150,93,0.5
1,1.4680000000000002,150,93,0.5
0,1.889,150,93,0.5
0,2.516,150,93,0.5
0,1.635,150,93,0.5
1,1.357,150,93,0.5
1,1.849,150,93,0.5
1,1.7069999999999999,150,93,0.5
1,3.241,150,93,1.625
0,2.5069999999999997,150,93,1.625
1,3.466,150,93,1.625
1,1.4909999999999999,150,93,1.625
0,3.5189999999999997,150,93,1.625
1,3.702,150,93,1.625
1,3.798,150,93,1.625
0,2.318,150,93,1.625
0,2.369,150,93,1.625
0,2.073,150,93,1.625
0,2.417,150,93,1.625
1,3.452,150,93,2.75
1,2.001,150,93,2.75
1,1.495,150,93,2.75
1,4.265,150,93,2.75
1,3.395,150,93,2.75
1,1.861,150,93,2.75
1,1.4680000000000002,150,93,2.75
1,1.192,150,93,2.75
1,2.225,150,93,2.75
0,0.866,150,93,2.75
1,2.782,150,93,3.875
1,2.2,150,93,3.875
1,1.555,150,93,3.875
1,1.504,150,93,3.875
0,1.5590000000000002,150,93,3.875
1,2.6430000000000002,150,93,3.875
1,2.975,150,93,3.875
1,2.7119999999999997,150,93,3.875
1,1.526,150,93,3.875
1,1.8559999999999999,150,93,3.875
1,1.459,150,93,5.0
1,2.03,150,93,5.0
1,1.6580000000000001,150,93,5.0
1,2.224,150,93,5.0
1,1.375,150,93,5.0
1,0.953,150,93,5.0
1,1.416,150,93,5.0
1,1.777,150,93,5.0
0,2.089,150,93,5.0
1,2.2769999999999997,150,93,5.0
0,1.5190000000000001,150,177,-7.0
0,2.023,150,177,-7.0
1,1.1159999999999999,150,177,-7.0
0,1.274,150,177,-7.0
0,1.825,150,177,-7.0
0,2.761,150,177,-7.0
0,1.1420000000000001,150,177,-7.0
1,1.198,150,177,-7.0
0,1.659,150,177,-7.0
0,1.4809999999999999,150,177,-7.0
0,1.714,150,177,-5.375
1,1.605,150,177,-5.375
0,1.463,150,177,-5.375
0,1.474,150,177,-5.375
0,1.479,150,177,-5.375
0,1.097,150,177,-5.375
1,1.6540000000000001,150,177,-5.375
0,2.211,150,177,-5.375
1,1.35,150,177,-5.375
0,2.021,150,177,-5.375
0,2.4930000000000003,150,177,-3.75
1,1.454,150,177,-3.75
0,2.342,150,177,-3.75
0,2.6439999999999997,150,177,-3.75
0,2.0340000000000003,150,177,-3.75
0,1.238,150,177,-3.75
1,2.229,150,177,-3.75
0,1.629,150,177,-3.75
1,1.348,150,177,-3.75
0,1.624,150,177,-3.75
0,1.771,150,177,-2.125
1,1.577,150,177,-2.125
1,1.456,150,177,-2.125
1,1.761,150,177,-2.125
0,2.898,150,177,-2.125
1,1.492,150,177,-2.125
1,2.6239999999999997,150,177,-2.125
0,2.3680000000000003,150,177,-2.125
1,1.321,150,177,-2.125
0,1.595,150,177,-2.125
0,1.5219999999999998,150,177,-0.5
1,2.467,150,177,-0.5
1,1.694,150,177,-0.5
0,2.479,150,177,-0.5
1,2.8989999999999996,150,177,-0.5
0,1.415,150,177,-0.5
0,1.26,150,177,-0.5
0,1.5730000000000002,150,177,-0.5
0,3.67,150,177,-0.5
0,1.17,150,177,-0.5
1,3.196,150,177,0.5
1,1.923,150,177,0.5
1,1.817,150,177,0.5
1,1.569,150,177,0.5
0,1.37,150,177,0.5
1,3.741,150,177,0.5
1,2.641,150,177,0.5
0,1.5930000000000002,150,177,0.5
0,1.661,150,177,0.5
1,2.3040000000000003,150,177,0.5
1,2.148,150,177,2.125
1,7.295,150,177,2.125
1,1.7819999999999998,150,177,2.125
0,2.949,150,177,2.125
1,1.851,150,177,2.125
1,2.238,150,177,2.125
0,1.565,150,177,2.125
1,2.474,150,177,2.125
1,1.205,150,177,2.125
1,1.681,150,177,2.125
1,2.822,150,177,3.75
0,1.85,150,177,3.75
1,1.761,150,177,3.75
1,1.716,150,177,3.75
1,1.7890000000000001,150,177,3.75
1,1.764,150,177,3.75
1,3.543,150,177,3.75
1,1.361,150,177,3.75
1,2.083,150,177,3.75
1,1.439,150,177,5.375
1,2.56,150,177,5.375
1,1.425,150,177,5.375
1,1.4280000000000002,150,177,5.375
1,3.281,150,177,5.375
1,2.043,150,177,5.375
1,1.16,150,177,5.375
1,1.633,150,177,5.375
1,1.19,150,177,5.375
1,1.545,150,177,5.375
1,1.248,150,177,7.0
1,1.943,150,177,7.0
1,2.386,150,177,7.0
1,0.142,150,177,7.0
1,5.178,150,177,7.0
1,1.319,150,177,7.0
1,1.4709999999999999,150,177,7.0
1,1.17,150,177,7.0
1,2.251,150,177,7.0
0,1.5630000000000002,150,261,-8.0
0,1.986,150,261,-8.0
0,2.529,150,261,-8.0
0,1.91,150,261,-8.0
0,1.339,150,261,-8.0
0,1.365,150,261,-8.0
0,1.311,150,261,-8.0
0,1.4709999999999999,150,261,-8.0
0,1.238,150,261,-8.0
0,1.317,150,261,-8.0
0,2.097,150,261,-6.125
0,1.288,150,261,-6.125
0,1.9769999999999999,150,261,-6.125
1,1.9280000000000002,150,261,-6.125
1,1.601,150,261,-6.125
0,1.412,150,261,-6.125
0,1.643,150,261,-6.125
0,1.96,150,261,-6.125
0,1.517,150,261,-6.125
0,2.156,150,261,-6.125
0,2.16,150,261,-4.25
0,1.682,150,261,-4.25
0,1.1540000000000001,150,261,-4.25
1,1.2429999999999999,150,261,-4.25
0,2.228,150,261,-4.25
0,1.1340000000000001,150,261,-4.25
0,1.548,150,261,-4.25
0,3.222,150,261,-4.25
0,1.841,150,261,-4.25
0,1.611,150,261,-4.25
0,1.3019999999999998,150,261,-2.375
1,4.069,150,261,-2.375
0,2.116,150,261,-2.375
1,1.415,150,261,-2.375
1,1.496,150,261,-2.375
0,1.702,150,261,-2.375
0,1.9580000000000002,150,261,-2.375
0,1.443,150,261,-2.375
0,1.217,150,261,-2.375
1,2.342,150,261,-2.375
1,3.125,150,261,-0.5
0,1.9180000000000001,150,261,-0.5
0,2.1959999999999997,150,261,-0.5
1,2.3480000000000003,150,261,-0.5
1,2.362,150,261,-0.5
1,1.227,150,261,-0.5
1,1.311,150,261,-0.5
0,1.8459999999999999,150,261,-0.5
0,2.645,150,261,-0.5
1,1.6869999999999998,150,261,-0.5
0,1.58,150,261,0.5
1,3.092,150,261,0.5
0,1.943,150,261,0.5
0,4.511,150,261,0.5
1,1.9480000000000002,150,261,0.5
1,1.5230000000000001,150,261,0.5
0,1.3130000000000002,150,261,0.5
0,2.487,150,261,0.5
0,3.347,150,261,0.5
0,1.74,150,261,0.5
0,2.178,150,261,2.375
0,2.391,150,261,2.375
0,2.333,150,261,2.375
0,6.9060000000000015,150,261,2.375
1,3.13,150,261,2.375
1,3.7769999999999997,150,261,2.375
1,4.952,150,261,2.375
1,2.594,150,261,2.375
1,1.936,150,261,2.375
0,1.403,150,261,2.375
0,2.93,150,261,4.25
1,6.362,150,261,4.25
1,3.971,150,261,4.25
1,3.503,150,261,4.25
1,2.739,150,261,4.25
1,1.704,150,261,4.25
0,1.2790000000000001,150,261,4.25
0,2.205,150,261,4.25
1,1.6969999999999998,150,261,4.25
1,4.128,150,261,4.25
1,1.672,150,261,6.125
1,1.739,150,261,6.125
1,3.7110000000000003,150,261,6.125
1,4.285,150,261,6.125
1,1.571,150,261,6.125
1,1.4980000000000002,150,261,6.125
1,1.935,150,261,6.125
0,3.248,150,261,6.125
0,1.266,150,261,6.125
0,1.383,150,261,6.125
1,2.4130000000000003,150,261,8.0
1,2.613,150,261,8.0
1,2.5669999999999997,150,261,8.0
1,2.133,150,261,8.0
1,1.8319999999999999,150,261,8.0
1,3.0610000000000004,150,261,8.0
1,1.4809999999999999,150,261,8.0
1,1.81,150,261,8.0
1,1.847,150,261,8.0
1,2.272,150,261,8.0
1,1.548,150,345,-9.0
0,2.073,150,345,-9.0
0,1.5930000000000002,150,345,-9.0
0,1.456,150,345,-9.0
0,1.787,150,345,-9.0
0,1.452,150,345,-9.0
0,1.278,150,345,-9.0
0,1.1340000000000001,150,345,-9.0
1,1.466,150,345,-9.0
0,1.473,150,345,-9.0
0,2.8139999999999996,150,345,-6.875
1,1.869,150,345,-6.875
0,2.605,150,345,-6.875
0,1.659,150,345,-6.875
0,1.271,150,345,-6.875
0,1.2409999999999999,150,345,-6.875
1,0.115,150,345,-6.875
1,1.2409999999999999,150,345,-6.875
0,1.445,150,345,-6.875
0,1.953,150,345,-6.875
0,1.301,150,345,-4.75
0,1.2309999999999999,150,345,-4.75
1,1.297,150,345,-4.75
1,1.2,150,345,-4.75
0,1.2990000000000002,150,345,-4.75
1,1.5419999999999998,150,345,-4.75
0,1.337,150,345,-4.75
0,1.2790000000000001,150,345,-4.75
0,1.656,150,345,-4.75
0,1.1440000000000001,150,345,-4.75
0,2.332,150,345,-2.625
0,2.026,150,345,-2.625
0,2.256,150,345,-2.625
1,1.962,150,345,-2.625
1,1.5290000000000001,150,345,-2.625
1,1.238,150,345,-2.625
0,3.735,150,345,-2.625
1,1.111,150,345,-2.625
0,1.463,150,345,-2.625
0,1.869,150,345,-2.625
1,1.4480000000000002,150,345,-0.5
0,2.787,150,345,-0.5
1,1.6980000000000002,150,345,-0.5
0,1.266,150,345,-0.5
1,1.14,150,345,-0.5
0,1.1179999999999999,150,345,-0.5
1,1.2830000000000001,150,345,-0.5
1,1.6059999999999999,150,345,-0.5
0,1.845,150,345,-0.5
0,1.308,150,345,-0.5
0,3.1639999999999997,150,345,0.5
1,2.6460000000000004,150,345,0.5
0,2.97,150,345,0.5
0,4.405,150,345,0.5
0,3.739,150,345,0.5
0,2.177,150,345,0.5
1,1.4040000000000001,150,345,0.5
0,2.1959999999999997,150,345,0.5
0,1.483,150,345,0.5
1,1.4,150,345,0.5
1,2.309,150,345,2.625
1,2.9930000000000003,150,345,2.625
0,3.148,150,345,2.625
1,1.6380000000000001,150,345,2.625
1,4.52,150,345,2.625
1,1.791,150,345,2.625
1,1.3780000000000001,150,345,2.625
0,4.001,150,345,2.625
1,1.181,150,345,2.625
1,1.5219999999999998,150,345,2.625
0,3.897,150,345,4.75
1,1.798,150,345,4.75
1,1.882,150,345,4.75
1,1.499,150,345,4.75
0,2.3369999999999997,150,345,4.75
1,1.416,150,345,4.75
1,2.66,150,345,4.75
1,1.774,150,345,4.75
1,2.419,150,345,4.75
1,1.1520000000000001,150,345,4.75
1,4.415,150,345,6.875
1,1.55,150,345,6.875
1,1.777,150,345,6.875
1,3.122,150,345,6.875
1,2.089,150,345,6.875
1,2.217,150,345,6.875
1,1.224,150,345,6.875
1,2.964,150,345,6.875
1,3.278,150,345,6.875
1,7.313,150,345,6.875
1,1.43,150,345,9.0
1,2.535,150,345,9.0
1,3.283,150,345,9.0
0,1.423,150,345,9.0
1,2.316,150,345,9.0
1,6.244,150,345,9.0
1,2.0,150,345,9.0
1,1.8130000000000002,150,345,9.0
1,1.8980000000000001,150,345,9.0
1,1.704,150,345,9.0
0,1.62,200,9,-2.0
0,1.149,200,9,-2.0
0,1.3319999999999999,200,9,-2.0
0,1.41,200,9,-2.0
0,1.165,200,9,-2.0
0,1.173,200,9,-2.0
0,1.925,200,9,-2.0
0,1.2109999999999999,200,9,-2.0
0,1.868,200,9,-2.0
0,1.255,200,9,-2.0
0,1.463,200,9,-1.525
0,1.9509999999999998,200,9,-1.525
0,1.005,200,9,-1.525
0,1.2670000000000001,200,9,-1.525
0,1.055,200,9,-1.525
0,1.26,200,9,-1.525
0,1.19,200,9,-1.525
0,1.021,200,9,-1.525
0,1.218,200,9,-1.525
0,1.281,200,9,-1.525
0,1.86,200,9,-1.05
0,2.062,200,9,-1.05
0,1.406,200,9,-1.05
0,1.2590000000000001,200,9,-1.05
0,1.276,200,9,-1.05
0,1.158,200,9,-1.05
0,1.137,200,9,-1.05
0,1.037,200,9,-1.05
0,1.146,200,9,-1.05
0,1.178,200,9,-1.05
0,1.286,200,9,-0.5750000000000002
0,2.12,200,9,-0.5750000000000002
1,1.143,200,9,-0.5750000000000002
0,1.008,200,9,-0.5750000000000002
0,1.4169999999999998,200,9,-0.5750000000000002
0,1.213,200,9,-0.5750000000000002
0,1.686,200,9,-0.5750000000000002
0,1.4469999999999998,200,9,-0.5750000000000002
1,1.46,200,9,-0.5750000000000002
0,1.402,200,9,-0.5750000000000002
1,2.301,200,9,-0.10000000000000007
0,1.474,200,9,-0.10000000000000007
1,1.133,200,9,-0.10000000000000007
1,1.3980000000000001,200,9,-0.10000000000000007
0,1.8459999999999999,200,9,-0.10000000000000007
0,1.611,200,9,-0.10000000000000007
0,1.365,200,9,-0.10000000000000007
1,1.46,200,9,-0.10000000000000007
1,2.432,200,9,-0.10000000000000007
1,0.897,200,9,-0.10000000000000007
0,2.298,200,9,0.1
0,1.696,200,9,0.1
1,1.392,200,9,0.1
0,3.3789999999999996,200,9,0.1
0,1.034,200,9,0.1
1,1.196,200,9,0.1
1,1.105,200,9,0.1
0,2.381,200,9,0.1
0,3.4730000000000003,200,9,0.1
0,2.272,200,9,0.1
0,6.8,200,9,0.575
1,1.285,200,9,0.575
1,3.0580000000000003,200,9,0.575
0,3.075,200,9,0.575
1,4.476,200,9,0.575
1,2.428,200,9,0.575
0,1.614,200,9,0.575
0,1.359,200,9,0.575
1,1.274,200,9,0.575
0,0.9159999999999999,200,9,0.575
1,1.86,200,9,1.05
1,0.958,200,9,1.05
1,2.065,200,9,1.05
1,5.499,200,9,1.05
1,2.063,200,9,1.05
1,1.571,200,9,1.05
0,1.4469999999999998,200,9,1.05
1,1.127,200,9,1.05
1,0.993,200,9,1.05
1,1.7280000000000002,200,9,1.05
1,1.3090000000000002,200,9,1.525
1,1.291,200,9,1.525
1,1.155,200,9,1.525
1,7.768,200,9,1.525
1,1.511,200,9,1.525
1,1.208,200,9,1.525
1,1.6440000000000001,200,9,1.525
1,4.003,200,9,1.525
1,1.17,200,9,1.525
1,1.69,200,9,1.525
1,1.344,200,9,2.0
1,2.5269999999999997,200,9,2.0
1,1.636,200,9,2.0
1,4.102,200,9,2.0
1,1.0070000000000001,200,9,2.0
1,1.291,200,9,2.0
1,1.7619999999999998,200,9,2.0
1,0.889,200,9,2.0
1,1.93,200,9,2.0
1,1.807,200,9,2.0
0,2.627,200,93,-5.0
0,1.618,200,93,-5.0
0,2.0980000000000003,200,93,-5.0
0,1.2890000000000001,200,93,-5.0
0,1.48,200,93,-5.0
0,1.431,200,93,-5.0
0,1.546,200,93,-5.0
0,2.081,200,93,-5.0
0,2.153,200,93,-5.0
0,1.047,200,93,-5.0
0,2.1,200,93,-3.875
1,2.454,200,93,-3.875
0,1.662,200,93,-3.875
0,1.815,200,93,-3.875
0,2.138,200,93,-3.875
0,1.2429999999999999,200,93,-3.875
0,1.4969999999999999,200,93,-3.875
0,1.3769999999999998,200,93,-3.875
0,1.463,200,93,-3.875
0,4.084,200,93,-3.875
0,1.369,200,93,-2.75
0,2.383,200,93,-2.75
0,1.338,200,93,-2.75
0,1.126,200,93,-2.75
0,1.7530000000000001,200,93,-2.75
0,1.6580000000000001,200,93,-2.75
1,1.745,200,93,-2.75
1,1.391,200,93,-2.75
1,1.506,200,93,-2.75
0,1.625,200,93,-2.75
0,2.8539999999999996,200,93,-1.625
1,1.5730000000000002,200,93,-1.625
0,2.079,200,93,-1.625
0,1.246,200,93,-1.625
0,2.738,200,93,-1.625
0,1.2229999999999999,200,93,-1.625
0,1.439,200,93,-1.625
0,1.399,200,93,-1.625
1,2.08,200,93,-1.625
0,2.126,200,93,-1.625
0,1.682,200,93,-0.5
1,1.459,200,93,-0.5
1,1.555,200,93,-0.5
1,0.7759999999999999,200,93,-0.5
0,1.36,200,93,-0.5
0,1.25,200,93,-0.5
1,1.551,200,93,-0.5
1,1.53,200,93,-0.5
0,1.811,200,93,-0.5
0,1.3869999999999998,200,93,-0.5
1,6.893,200,93,0.5
1,1.604,200,93,0.5
0,2.6039999999999996,200,93,0.5
0,2.302,200,93,0.5
0,1.431,200,93,0.5
0,2.609,200,93,0.5
1,2.001,200,93,0.5
1,2.698,200,93,0.5
0,1.758,200,93,0.5
0,2.131,200,93,0.5
0,4.523,200,93,1.625
0,3.343,200,93,1.625
1,4.447,200,93,1.625
1,2.634,200,93,1.625
1,2.555,200,93,1.625
1,2.467,200,93,1.625
0,1.681,200,93,1.625
0,1.385,200,93,1.625
1,2.056,200,93,1.625
0,2.041,200,93,1.625
1,2.494,200,93,2.75
0,2.4019999999999997,200,93,2.75
1,1.6769999999999998,200,93,2.75
1,1.8980000000000001,200,93,2.75
1,1.202,200,93,2.75
1,1.18,200,93,2.75
1,2.539,200,93,2.75
1,1.831,200,93,2.75
1,1.275,200,93,2.75
1,1.3840000000000001,200,93,2.75
1,5.4670000000000005,200,93,3.875
1,1.52,200,93,3.875
1,1.734,200,93,3.875
1,1.3619999999999999,200,93,3.875
1,1.6680000000000001,200,93,3.875
1,1.3840000000000001,200,93,3.875
1,1.911,200,93,3.875
1,2.088,200,93,3.875
1,2.088,200,93,3.875
1,1.633,200,93,3.875
1,2.225,200,93,5.0
1,2.167,200,93,5.0
1,2.2640000000000002,200,93,5.0
1,1.327,200,93,5.0
1,2.886,200,93,5.0
1,2.447,200,93,5.0
1,1.121,200,93,5.0
1,1.12,200,93,5.0
1,1.051,200,93,5.0
0,1.962,200,177,-7.0
0,1.555,200,177,-7.0
0,2.351,200,177,-7.0
0,1.531,200,177,-7.0
0,1.9709999999999999,200,177,-7.0
0,1.495,200,177,-7.0
0,1.3940000000000001,200,177,-7.0
0,1.6159999999999999,200,177,-7.0
0,1.516,200,177,-7.0
0,1.3869999999999998,200,177,-7.0
0,1.828,200,177,-5.375
0,2.25,200,177,-5.375
0,1.886,200,177,-5.375
0,1.6159999999999999,200,177,-5.375
0,1.308,200,177,-5.375
0,2.555,200,177,-5.375
1,1.7369999999999999,200,177,-5.375
0,1.5330000000000001,200,177,-5.375
0,2.126,200,177,-5.375
0,1.511,200,177,-5.375
0,2.4459999999999997,200,177,-3.75
1,1.706,200,177,-3.75
0,2.147,200,177,-3.75
0,1.401,200,177,-3.75
0,1.785,200,177,-3.75
0,1.285,200,177,-3.75
0,1.909,200,177,-3.75
0,1.162,200,177,-3.75
1,1.551,200,177,-3.75
0,1.911,200,177,-3.75
0,2.2319999999999998,200,177,-2.125
0,1.5090000000000001,200,177,-2.125
0,4.121,200,177,-2.125
0,1.506,200,177,-2.125
0,1.2690000000000001,200,177,-2.125
0,1.54,200,177,-2.125
0,2.112,200,177,-2.125
0,1.296,200,177,-2.125
1,1.14,200,177,-2.125
1,1.9169999999999998,200,177,-2.125
0,4.809,200,177,-0.5
1,2.076,200,177,-0.5
0,5.8420000000000005,200,177,-0.5
0,1.19,200,177,-0.5
1,1.4140000000000001,200,177,-0.5
0,1.235,200,177,-0.5
0,1.796,200,177,-0.5
1,1.76,200,177,-0.5
1,1.7469999999999999,200,177,-0.5
0,1.618,200,177,-0.5
1,2.727,200,177,0.5
0,2.105,200,177,0.5
1,2.076,200,177,0.5
0,2.116,200,177,0.5
1,1.7209999999999999,200,177,0.5
1,3.978,200,177,0.5
0,2.7569999999999997,200,177,0.5
0,4.535,200,177,0.5
0,1.4869999999999999,200,177,0.5
1,2.1319999999999997,200,177,0.5
0,2.458,200,177,2.125
0,3.8289999999999997,200,177,2.125
1,2.343,200,177,2.125
1,3.202,200,177,2.125
1,2.148,200,177,2.125
1,3.977,200,177,2.125
1,4.319,200,177,2.125
1,1.351,200,177,2.125
1,1.709,200,177,2.125
1,1.902,200,177,3.75
0,1.7109999999999999,200,177,3.75
1,2.141,200,177,3.75
1,3.217,200,177,3.75
0,2.434,200,177,3.75
1,2.4019999999999997,200,177,3.75
1,2.274,200,177,3.75
1,1.3030000000000002,200,177,3.75
1,1.126,200,177,3.75
1,1.3019999999999998,200,177,3.75
1,2.077,200,177,5.375
1,1.462,200,177,5.375
1,2.764,200,177,5.375
1,2.101,200,177,5.375
1,2.6710000000000003,200,177,5.375
1,1.3019999999999998,200,177,5.375
1,1.235,200,177,5.375
1,2.217,200,177,5.375
1,1.6369999999999998,200,177,5.375
0,1.3130000000000002,200,177,5.375
1,4.981,200,177,7.0
1,2.931,200,177,7.0
1,2.9789999999999996,200,177,7.0
1,2.9019999999999997,200,177,7.0
1,1.641,200,177,7.0
1,2.6510000000000002,200,177,7.0
1,9.926,200,177,7.0
1,2.233,200,177,7.0
1,4.357,200,177,7.0
1,1.659,200,177,7.0
1,2.536,200,261,-8.0
1,2.9739999999999998,200,261,-8.0
1,4.718,200,261,-8.0
0,2.6060000000000003,200,261,-8.0
0,5.869,200,261,-8.0
0,1.4169999999999998,200,261,-8.0
0,2.028,200,261,-8.0
1,1.18,200,261,-8.0
0,1.597,200,261,-8.0
0,1.599,200,261,-8.0
0,2.369,200,261,-6.125
0,2.665,200,261,-6.125
1,2.331,200,261,-6.125
0,1.765,200,261,-6.125
1,1.649,200,261,-6.125
0,1.516,200,261,-6.125
1,2.002,200,261,-6.125
0,1.188,200,261,-6.125
0,1.925,200,261,-6.125
1,1.4,200,261,-6.125
0,2.565,200,261,-4.25
0,2.5580000000000003,200,261,-4.25
0,1.425,200,261,-4.25
1,1.597,200,261,-4.25
0,1.405,200,261,-4.25
0,1.851,200,261,-4.25
0,1.125,200,261,-4.25
1,1.494,200,261,-4.25
0,1.406,200,261,-4.25
0,1.672,200,261,-4.25
0,1.9340000000000002,200,261,-2.375
1,1.739,200,261,-2.375
0,2.489,200,261,-2.375
1,1.899,200,261,-2.375
1,1.42,200,261,-2.375
1,1.3940000000000001,200,261,-2.375
0,1.646,200,261,-2.375
0,1.9509999999999998,200,261,-2.375
1,1.931,200,261,-2.375
1,1.39,200,261,-2.375
1,1.7619999999999998,200,261,-0.5
1,1.3330000000000002,200,261,-0.5
0,1.736,200,261,-0.5
0,2.491,200,261,-0.5
1,1.423,200,261,-0.5
0,1.238,200,261,-0.5
1,1.215,200,261,-0.5
1,1.2,200,261,-0.5
1,1.31,200,261,-0.5
0,1.4269999999999998,200,261,-0.5
1,2.762,200,261,0.5
0,2.168,200,261,0.5
1,3.76,200,261,0.5
1,3.486,200,261,0.5
0,2.427,200,261,0.5
1,2.385,200,261,0.5
0,2.487,200,261,0.5
1,17.845,200,261,0.5
1,2.5610000000000004,200,261,0.5
0,2.14,200,261,2.375
1,3.489,200,261,2.375
1,2.136,200,261,2.375
1,2.081,200,261,2.375
0,3.279,200,261,2.375
1,1.706,200,261,2.375
1,3.426,200,261,2.375
0,1.551,200,261,2.375
0,2.519,200,261,2.375
1,1.069,200,261,2.375
0,2.063,200,261,4.25
0,4.74,200,261,4.25
1,2.162,200,261,4.25
1,1.8519999999999999,200,261,4.25
0,2.964,200,261,4.25
0,1.044,200,261,4.25
0,1.706,200,261,4.25
0,3.103,200,261,4.25
1,1.9680000000000002,200,261,4.25
1,5.319,200,261,6.125
1,1.69,200,261,6.125
0,1.633,200,261,6.125
1,1.574,200,261,6.125
1,1.7990000000000002,200,261,6.125
0,3.457,200,261,6.125
0,2.387,200,261,6.125
1,5.468999999999999,200,261,6.125
1,2.095,200,261,6.125
1,1.902,200,261,6.125
0,3.1010000000000004,200,261,8.0
1,2.572,200,261,8.0
1,2.79,200,261,8.0
1,2.541,200,261,8.0
1,2.6519999999999997,200,261,8.0
1,3.1180000000000003,200,261,8.0
1,1.882,200,261,8.0
1,1.42,200,261,8.0
1,1.252,200,261,8.0
1,1.5390000000000001,200,261,8.0
1,2.85,200,261,8.0
1,2.123,200,345,-9.0
1,1.819,200,345,-9.0
0,2.226,200,345,-9.0
0,2.167,200,345,-9.0
1,1.97,200,345,-9.0
1,1.24,200,345,-9.0
1,1.93,200,345,-9.0
0,1.6230000000000002,200,345,-9.0
1,1.568,200,345,-9.0
0,1.632,200,345,-9.0
1,2.451,200,345,-6.875
0,2.27,200,345,-6.875
0,3.372,200,345,-6.875
0,1.425,200,345,-6.875
0,1.619,200,345,-6.875
0,1.3319999999999999,200,345,-6.875
1,0.85,200,345,-6.875
0,1.768,200,345,-6.875
1,9.55,200,345,-6.875
1,1.8659999999999999,200,345,-6.875
1,2.5869999999999997,200,345,-4.75
0,1.8359999999999999,200,345,-4.75
0,1.556,200,345,-4.75
0,1.125,200,345,-4.75
0,2.404,200,345,-4.75
1,1.261,200,345,-4.75
0,3.2089999999999996,200,345,-4.75
1,2.074,200,345,-4.75
0,0.77,200,345,-4.75
0,1.7209999999999999,200,345,-4.75
1,1.704,200,345,-2.625
0,2.003,200,345,-2.625
1,7.422999999999999,200,345,-2.625
0,1.476,200,345,-2.625
1,1.548,200,345,-2.625
1,1.931,200,345,-2.625
1,1.476,200,345,-2.625
1,1.652,200,345,-2.625
1,1.936,200,345,-2.625
0,1.8559999999999999,200,345,-2.625
0,5.101,200,345,-0.5
0,2.693,200,345,-0.5
0,2.146,200,345,-0.5
0,1.381,200,345,-0.5
0,1.742,200,345,-0.5
1,1.386,200,345,-0.5
1,1.619,200,345,-0.5
1,1.329,200,345,-0.5
0,1.459,200,345,-0.5
0,1.624,200,345,-0.5
1,2.803,200,345,0.5
1,5.194,200,345,0.5
1,1.5919999999999999,200,345,0.5
1,9.513,200,345,0.5
1,1.3559999999999999,200,345,0.5
1,4.207,200,345,0.5
1,2.156,200,345,0.5
1,1.587,200,345,0.5
1,1.32,200,345,0.5
0,1.7719999999999998,200,345,0.5
1,4.263999999999999,200,345,2.625
1,2.488,200,345,2.625
1,2.705,200,345,2.625
0,6.077000000000001,200,345,2.625
1,1.681,200,345,2.625
1,2.824,200,345,2.625
0,1.3419999999999999,200,345,2.625
0,2.38,200,345,2.625
0,1.735,200,345,2.625
0,1.5330000000000001,200,345,2.625
1,2.18,200,345,4.75
0,2.6830000000000003,200,345,4.75
1,2.138,200,345,4.75
1,1.15,200,345,4.75
0,2.424,200,345,4.75
0,1.8880000000000001,200,345,4.75
1,1.92,200,345,4.75
1,1.54,200,345,4.75
0,2.972,200,345,4.75
1,1.933,200,345,4.75
1,1.276,200,345,6.875
1,2.8569999999999998,200,345,6.875
1,2.3369999999999997,200,345,6.875
1,1.454,200,345,6.875
1,1.7530000000000001,200,345,6.875
0,2.9210000000000003,200,345,6.875
1,1.575,200,345,6.875
1,2.242,200,345,6.875
0,2.076,200,345,6.875
1,1.369,200,345,9.0
1,4.488,200,345,9.0
1,6.871,200,345,9.0
1,8.929,200,345,9.0
0,9.829,200,345,9.0
1,10.453,200,345,9.0
1,1.504,200,345,9.0
1,1.86,200,345,9.0
1,4.678,200,345,9.0
1,7.8439999999999985,200,345,9.0
1,8.482999999999999,200,345,9.0
1,8.871,200,345,9.0
1,1.6269999999999998,200,345,9.0
1,2.238,200,345,9.0
1,2.825,200,345,9.0
1,2.592,200,345,9.0
1,1.203,200,345,9.0
1,1.896,200,345,9.0
1,2.061,200,345,9.0
0,1.505,250,9,-2.0
0,1.795,250,9,-2.0
0,1.649,250,9,-2.0
0,1.104,250,9,-2.0
0,1.117,250,9,-2.0
0,1.156,250,9,-2.0
0,0.977,250,9,-2.0
0,1.266,250,9,-2.0
0,2.113,250,9,-2.0
0,1.237,250,9,-2.0
0,1.71,250,9,-1.525
0,1.4,250,9,-1.525
0,1.9140000000000001,250,9,-1.525
0,1.354,250,9,-1.525
0,1.219,250,9,-1.525
0,1.239,250,9,-1.525
0,1.325,250,9,-1.525
0,1.218,250,9,-1.525
0,1.237,250,9,-1.525
0,2.2,250,9,-1.525
0,1.406,250,9,-1.05
0,1.686,250,9,-1.05
0,1.1540000000000001,250,9,-1.05
1,1.072,250,9,-1.05
0,1.683,250,9,-1.05
0,1.275,250,9,-1.05
1,1.113,250,9,-1.05
0,1.2570000000000001,250,9,-1.05
0,1.2930000000000001,250,9,-1.05
0,1.564,250,9,-1.05
0,1.3130000000000002,250,9,-0.5750000000000002
0,1.275,250,9,-0.5750000000000002
0,1.014,250,9,-0.5750000000000002
0,1.16,250,9,-0.5750000000000002
0,1.838,250,9,-0.5750000000000002
0,1.301,250,9,-0.5750000000000002
0,1.226,250,9,-0.5750000000000002
0,1.244,250,9,-0.5750000000000002
1,1.507,250,9,-0.5750000000000002
0,1.235,250,9,-0.5750000000000002
0,1.331,250,9,-0.10000000000000007
1,1.7469999999999999,250,9,-0.10000000000000007
0,1.507,250,9,-0.10000000000000007
0,3.2739999999999996,250,9,-0.10000000000000007
1,1.371,250,9,-0.10000000000000007
0,3.6910000000000003,250,9,-0.10000000000000007
1,1.3559999999999999,250,9,-0.10000000000000007
0,1.4140000000000001,250,9,-0.10000000000000007
0,1.1340000000000001,250,9,-0.10000000000000007
1,1.591,250,9,-0.10000000000000007
0,2.9189999999999996,250,9,0.1
1,1.236,250,9,0.1
0,1.195,250,9,0.1
1,2.17,250,9,0.1
0,1.203,250,9,0.1
1,0.935,250,9,0.1
0,1.499,250,9,0.1
0,2.464,250,9,0.1
0,1.393,250,9,0.1
0,1.1740000000000002,250,9,0.1
0,1.895,250,9,0.575
0,1.405,250,9,0.575
1,1.207,250,9,0.575
0,2.225,250,9,0.575
1,1.351,250,9,0.575
0,1.395,250,9,0.575
1,2.0540000000000003,250,9,0.575
1,1.506,250,9,0.575
1,1.015,250,9,0.575
0,1.0859999999999999,250,9,0.575
1,2.093,250,9,1.05
1,1.661,250,9,1.05
1,1.489,250,9,1.05
1,2.4659999999999997,250,9,1.05
0,5.632999999999999,250,9,1.05
1,1.839,250,9,1.05
1,1.828,250,9,1.05
1,1.946,250,9,1.05
1,1.9769999999999999,250,9,1.05
1,0.9259999999999999,250,9,1.05
1,1.475,250,9,1.525
1,1.6019999999999999,250,9,1.525
1,1.62,250,9,1.525
1,1.76,250,9,1.525
1,1.511,250,9,1.525
1,1.6219999999999999,250,9,1.525
1,1.0490000000000002,250,9,1.525
1,1.1520000000000001,250,9,1.525
1,1.073,250,9,1.525
1,1.274,250,9,1.525
1,1.51,250,9,2.0
1,2.161,250,9,2.0
1,1.694,250,9,2.0
1,1.4409999999999998,250,9,2.0
1,1.297,250,9,2.0
1,1.472,250,9,2.0
1,1.05,250,9,2.0
1,5.782,250,9,2.0
1,1.761,250,9,2.0
1,1.851,250,9,2.0
0,1.163,250,93,-5.0
1,1.8259999999999998,250,93,-5.0
0,3.741,250,93,-5.0
0,1.413,250,93,-5.0
0,1.077,250,93,-5.0
0,1.7990000000000002,250,93,-5.0
0,3.7569999999999997,250,93,-5.0
0,1.591,250,93,-5.0
0,2.9360000000000004,250,93,-5.0
0,1.797,250,93,-5.0
0,1.325,250,93,-3.875
0,1.847,250,93,-3.875
0,1.624,250,93,-3.875
0,1.96,250,93,-3.875
0,1.286,250,93,-3.875
0,2.25,250,93,-3.875
0,1.295,250,93,-3.875
0,1.676,250,93,-3.875
0,1.589,250,93,-3.875
0,1.338,250,93,-3.875
0,1.456,250,93,-2.75
0,2.247,250,93,-2.75
0,2.219,250,93,-2.75
1,1.415,250,93,-2.75
0,1.32,250,93,-2.75
0,1.138,250,93,-2.75
0,1.3769999999999998,250,93,-2.75
0,1.507,250,93,-2.75
0,1.219,250,93,-2.75
0,1.895,250,93,-2.75
0,1.876,250,93,-1.625
0,2.513,250,93,-1.625
0,3.275,250,93,-1.625
1,1.476,250,93,-1.625
1,1.611,250,93,-1.625
0,1.982,250,93,-1.625
1,1.4369999999999998,250,93,-1.625
0,1.187,250,93,-1.625
1,1.905,250,93,-1.625
0,2.478,250,93,-1.625
0,2.031,250,93,-0.5
1,1.861,250,93,-0.5
1,2.292,250,93,-0.5
0,1.5390000000000001,250,93,-0.5
1,1.459,250,93,-0.5
1,2.3680000000000003,250,93,-0.5
0,1.425,250,93,-0.5
1,2.64,250,93,-0.5
1,1.199,250,93,-0.5
1,2.081,250,93,-0.5
1,3.324,250,93,0.5
0,3.915,250,93,0.5
0,7.962999999999999,250,93,0.5
0,2.141,250,93,0.5
1,2.6910000000000003,250,93,0.5
1,2.549,250,93,0.5
1,1.744,250,93,0.5
1,1.295,250,93,0.5
1,1.5419999999999998,250,93,0.5
1,2.05,250,93,0.5
1,2.928,250,93,1.625
1,2.697,250,93,1.625
1,1.2209999999999999,250,93,1.625
0,2.2159999999999997,250,93,1.625
0,2.231,250,93,1.625
1,2.6510000000000002,250,93,1.625
0,2.211,250,93,1.625
1,1.942,250,93,1.625
0,1.778,250,93,1.625
1,5.522,250,93,1.625
1,3.2430000000000003,250,93,2.75
1,2.623,250,93,2.75
0,4.9510000000000005,250,93,2.75
1,2.805,250,93,2.75
1,2.7,250,93,2.75
1,10.038,250,93,2.75
1,2.1390000000000002,250,93,2.75
1,1.848,250,93,2.75
1,1.6219999999999999,250,93,2.75
1,2.339,250,93,2.75
1,2.5980000000000003,250,93,3.875
1,3.75,250,93,3.875
1,3.9989999999999997,250,93,3.875
1,2.509,250,93,3.875
1,2.66,250,93,3.875
1,2.08,250,93,3.875
1,2.296,250,93,3.875
1,2.679,250,93,3.875
1,1.714,250,93,3.875
1,2.5639999999999996,250,93,3.875
1,1.829,250,93,5.0
1,2.342,250,93,5.0
1,1.6,250,93,5.0
1,2.084,250,93,5.0
1,2.7960000000000003,250,93,5.0
1,2.271,250,93,5.0
1,1.139,250,93,5.0
1,1.186,250,93,5.0
1,1.4080000000000001,250,93,5.0
1,1.038,250,93,5.0
0,1.906,250,177,-7.0
0,1.825,250,177,-7.0
0,2.68,250,177,-7.0
0,2.222,250,177,-7.0
0,2.5140000000000002,250,177,-7.0
0,1.351,250,177,-7.0
0,1.984,250,177,-7.0
1,1.71,250,177,-7.0
0,2.3569999999999998,250,177,-7.0
1,2.569,250,177,-7.0
0,2.577,250,177,-5.375
0,2.242,250,177,-5.375
0,1.733,250,177,-5.375
1,1.504,250,177,-5.375
0,1.696,250,177,-5.375
0,1.8780000000000001,250,177,-5.375
0,2.378,250,177,-5.375
0,1.133,250,177,-5.375
0,1.765,250,177,-5.375
0,2.436,250,177,-5.375
0,1.8359999999999999,250,177,-3.75
1,2.043,250,177,-3.75
1,3.2769999999999997,250,177,-3.75
1,1.61,250,177,-3.75
0,1.821,250,177,-3.75
1,1.944,250,177,-3.75
0,1.709,250,177,-3.75
1,1.4609999999999999,250,177,-3.75
0,1.4080000000000001,250,177,-3.75
0,1.943,250,177,-3.75
1,2.214,250,177,-2.125
0,3.694,250,177,-2.125
0,2.269,250,177,-2.125
0,1.712,250,177,-2.125
1,2.127,250,177,-2.125
0,1.337,250,177,-2.125
1,1.841,250,177,-2.125
0,1.9809999999999999,250,177,-2.125
0,1.857,250,177,-2.125
1,4.381,250,177,-2.125
0,2.991,250,177,-0.5
1,2.923,250,177,-0.5
1,3.197,250,177,-0.5
0,1.578,250,177,-0.5
0,1.11,250,177,-0.5
0,1.399,250,177,-0.5
0,1.589,250,177,-0.5
0,1.754,250,177,-0.5
0,2.423,250,177,-0.5
1,2.235,250,177,-0.5
0,3.397,250,177,0.5
0,2.392,250,177,0.5
0,1.7309999999999999,250,177,0.5
1,2.886,250,177,0.5
1,1.507,250,177,0.5
1,1.683,250,177,0.5
0,1.4969999999999999,250,177,0.5
1,1.7830000000000001,250,177,0.5
1,1.112,250,177,0.5
1,1.686,250,177,0.5
1,3.452,250,177,2.125
1,2.6910000000000003,250,177,2.125
1,4.095,250,177,2.125
1,2.3080000000000003,250,177,2.125
1,2.611,250,177,2.125
1,1.535,250,177,2.125
1,2.125,250,177,2.125
1,1.2930000000000001,250,177,2.125
1,0.91,250,177,2.125
0,2.582,250,177,2.125
1,2.289,250,177,3.75
1,1.7990000000000002,250,177,3.75
1,1.83,250,177,3.75
1,1.7730000000000001,250,177,3.75
1,13.790999999999999,250,177,3.75
1,1.151,250,177,3.75
0,2.02,250,177,3.75
1,3.748,250,177,3.75
0,1.361,250,177,3.75
0,1.827,250,177,5.375
1,1.587,250,177,5.375
1,1.581,250,177,5.375
1,1.7080000000000002,250,177,5.375
1,2.614,250,177,5.375
1,2.7539999999999996,250,177,5.375
1,2.153,250,177,5.375
1,1.955,250,177,5.375
1,1.585,250,177,5.375
0,3.071,250,177,7.0
1,3.199,250,177,7.0
1,2.8280000000000003,250,177,7.0
0,2.129,250,177,7.0
1,1.713,250,177,7.0
0,3.153,250,177,7.0
1,3.324,250,177,7.0
1,1.851,250,177,7.0
1,2.055,250,177,7.0
1,1.383,250,177,7.0
0,1.744,250,261,-8.0
0,3.0069999999999997,250,261,-8.0
0,2.214,250,261,-8.0
0,1.56,250,261,-8.0
0,1.847,250,261,-8.0
0,1.505,250,261,-8.0
0,1.561,250,261,-8.0
0,1.679,250,261,-8.0
0,1.271,250,261,-8.0
0,2.205,250,261,-8.0
0,2.596,250,261,-6.125
1,1.492,250,261,-6.125
1,5.64,250,261,-6.125
0,5.662999999999999,250,261,-6.125
1,1.679,250,261,-6.125
1,2.638,250,261,-6.125
0,1.761,250,261,-6.125
1,1.683,250,261,-6.125
0,1.254,250,261,-6.125
0,2.9539999999999997,250,261,-6.125
1,1.5419999999999998,250,261,-4.25
1,3.327,250,261,-4.25
0,2.355,250,261,-4.25
1,2.08,250,261,-4.25
0,1.696,250,261,-4.25
0,1.6869999999999998,250,261,-4.25
1,1.8319999999999999,250,261,-4.25
0,1.37,250,261,-4.25
1,1.9,250,261,-4.25
0,1.7169999999999999,250,261,-4.25
0,2.1109999999999998,250,261,-2.375
0,1.5630000000000002,250,261,-2.375
0,5.459,250,261,-2.375
0,1.3980000000000001,250,261,-2.375
0,1.5659999999999998,250,261,-2.375
0,1.801,250,261,-2.375
1,1.554,250,261,-2.375
0,1.705,250,261,-2.375
1,2.105,250,261,-2.375
0,1.474,250,261,-2.375
1,1.6159999999999999,250,261,-0.5
0,1.5119999999999998,250,261,-0.5
0,1.946,250,261,-0.5
1,1.675,250,261,-0.5
0,1.253,250,261,-0.5
0,2.504,250,261,-0.5
1,1.386,250,261,-0.5
1,1.215,250,261,-0.5
0,2.7680000000000002,250,261,-0.5
1,1.359,250,261,-0.5
0,2.943,250,261,0.5
1,2.9760000000000004,250,261,0.5
1,1.979,250,261,0.5
1,1.71,250,261,0.5
1,2.097,250,261,0.5
1,5.425,250,261,0.5
0,4.18,250,261,0.5
1,3.486,250,261,0.5
0,49.96,250,261,0.5
0,2.528,250,261,0.5
1,1.671,250,261,2.375
1,2.445,250,261,2.375
0,2.937,250,261,2.375
1,2.149,250,261,2.375
0,2.696,250,261,2.375
0,2.45,250,261,2.375
1,1.6569999999999998,250,261,2.375
0,1.666,250,261,2.375
1,1.545,250,261,2.375
1,1.095,250,261,2.375
1,2.245,250,261,4.25
1,3.014,250,261,4.25
0,4.878,250,261,4.25
1,3.572,250,261,4.25
1,1.921,250,261,4.25
1,7.443,250,261,4.25
0,1.4980000000000002,250,261,4.25
1,1.2690000000000001,250,261,4.25
0,1.001,250,261,4.25
1,1.686,250,261,4.25
1,3.0069999999999997,250,261,6.125
1,2.858,250,261,6.125
1,5.234,250,261,6.125
1,1.9969999999999999,250,261,6.125
1,1.587,250,261,6.125
0,2.189,250,261,6.125
1,2.299,250,261,6.125
1,1.7280000000000002,250,261,6.125
1,6.7120000000000015,250,261,6.125
1,1.975,250,261,6.125
1,2.524,250,261,8.0
1,2.968,250,261,8.0
1,2.465,250,261,8.0
1,2.19,250,261,8.0
1,2.635,250,261,8.0
0,2.13,250,261,8.0
1,1.87,250,261,8.0
1,5.052,250,261,8.0
1,1.7069999999999999,250,261,8.0
1,1.459,250,261,8.0
1,2.812,250,345,-9.0
0,2.764,250,345,-9.0
0,1.499,250,345,-9.0
0,2.029,250,345,-9.0
0,2.029,250,345,-9.0
0,1.355,250,345,-9.0
0,1.459,250,345,-9.0
1,3.389,250,345,-9.0
1,2.909,250,345,-9.0
0,1.226,250,345,-9.0
0,2.108,250,345,-6.875
0,2.237,250,345,-6.875
0,1.679,250,345,-6.875
0,1.4040000000000001,250,345,-6.875
0,1.3319999999999999,250,345,-6.875
1,1.3880000000000001,250,345,-6.875
0,1.3430000000000002,250,345,-6.875
0,1.575,250,345,-6.875
0,1.2819999999999998,250,345,-6.875
0,1.4880000000000002,250,345,-6.875
0,2.476,250,345,-4.75
0,2.033,250,345,-4.75
0,1.521,250,345,-4.75
0,1.79,250,345,-4.75
0,1.692,250,345,-4.75
0,1.288,250,345,-4.75
1,2.294,250,345,-4.75
0,1.653,250,345,-4.75
1,1.744,250,345,-4.75
1,2.582,250,345,-4.75
0,1.496,250,345,-2.625
0,2.019,250,345,-2.625
0,2.021,250,345,-2.625
1,1.925,250,345,-2.625
0,4.1160000000000005,250,345,-2.625
1,1.3319999999999999,250,345,-2.625
1,1.9980000000000002,250,345,-2.625
0,1.632,250,345,-2.625
0,1.46,250,345,-2.625
0,2.184,250,345,-2.625
0,1.611,250,345,-0.5
1,1.4869999999999999,250,345,-0.5
1,1.351,250,345,-0.5
1,1.329,250,345,-0.5
1,1.595,250,345,-0.5
0,1.965,250,345,-0.5
0,1.819,250,345,-0.5
1,2.3680000000000003,250,345,-0.5
0,2.0140000000000002,250,345,-0.5
0,2.145,250,345,-0.5
0,1.706,250,345,0.5
1,1.841,250,345,0.5
1,1.475,250,345,0.5
0,1.456,250,345,0.5
1,1.4569999999999999,250,345,0.5
0,4.103,250,345,0.5
1,1.6440000000000001,250,345,0.5
0,1.298,250,345,0.5
0,3.14,250,345,0.5
1,1.716,250,345,0.5
0,3.1189999999999998,250,345,2.625
1,1.7530000000000001,250,345,2.625
1,2.5660000000000003,250,345,2.625
0,2.114,250,345,2.625
1,3.2119999999999997,250,345,2.625
1,1.32,250,345,2.625
1,1.121,250,345,2.625
0,2.056,250,345,2.625
1,1.149,250,345,2.625
0,2.563,250,345,2.625
1,1.252,250,345,4.75
1,2.6460000000000004,250,345,4.75
1,2.094,250,345,4.75
1,2.3890000000000002,250,345,4.75
1,1.14,250,345,4.75
1,1.972,250,345,4.75
1,7.229,250,345,4.75
1,1.766,250,345,4.75
0,2.359,250,345,4.75
1,2.104,250,345,4.75
1,1.534,250,345,6.875
0,1.9509999999999998,250,345,6.875
1,3.2239999999999998,250,345,6.875
1,1.69,250,345,6.875
1,2.312,250,345,6.875
1,3.5580000000000003,250,345,6.875
0,2.6839999999999997,250,345,6.875
1,1.9,250,345,6.875
0,1.1440000000000001,250,345,6.875
1,2.96,250,345,9.0
1,1.8130000000000002,250,345,9.0
1,2.144,250,345,9.0
1,2.613,250,345,9.0
1,7.09,250,345,9.0
1,3.014,250,345,9.0
1,1.2209999999999999,250,345,9.0
1,1.155,250,345,9.0
1,2.444,250,345,9.0
0,1.939,250,345,9.0
