yes-answer,time,distance,intensity,difference
0,2.352,0,10,-1.0
0,1.63,0,10,-1.0
0,2.193,0,10,-1.0
0,2.709,0,10,-1.0
0,2.136,0,10,-1.0
0,2.452,0,10,-1.0
0,1.824,0,10,-1.0
0,1.704,0,10,-1.0
0,2.351,0,10,-1.0
0,1.858,0,10,-1.0
0,2.886,0,10,-0.775
0,1.734,0,10,-0.775
0,2.3,0,10,-0.775
0,1.609,0,10,-0.775
0,3.607,0,10,-0.775
0,1.5719999999999998,0,10,-0.775
0,2.245,0,10,-0.775
0,2.187,0,10,-0.775
0,2.202,0,10,-0.775
0,2.3040000000000003,0,10,-0.775
1,1.812,0,10,-0.55
0,2.412,0,10,-0.55
0,3.5580000000000003,0,10,-0.55
0,2.289,0,10,-0.55
1,1.996,0,10,-0.55
0,2.06,0,10,-0.55
0,1.509,0,10,-0.55
1,1.96,0,10,-0.55
0,2.1630000000000003,0,10,-0.55
0,2.059,0,10,-0.55
0,2.199,0,10,-0.3250000000000001
1,2.734,0,10,-0.3250000000000001
0,5.5120000000000005,0,10,-0.3250000000000001
1,1.898,0,10,-0.3250000000000001
0,2.359,0,10,-0.3250000000000001
0,2.955,0,10,-0.3250000000000001
0,2.982,0,10,-0.3250000000000001
1,2.604,0,10,-0.3250000000000001
0,1.859,0,10,-0.3250000000000001
0,1.809,0,10,-0.3250000000000001
1,3.342,0,10,-0.10000000000000007
0,2.209,0,10,-0.10000000000000007
1,1.533,0,10,-0.10000000000000007
1,1.732,0,10,-0.10000000000000007
1,1.934,0,10,-0.10000000000000007
1,1.643,0,10,-0.10000000000000007
1,1.99,0,10,-0.10000000000000007
0,4.72,0,10,-0.10000000000000007
0,1.982,0,10,-0.10000000000000007
0,2.001,0,10,-0.10000000000000007
1,3.158,0,10,0.1
1,2.995,0,10,0.1
0,5.42,0,10,0.1
1,12.525,0,10,0.1
1,2.373,0,10,0.1
0,3.773,0,10,0.1
0,1.626,0,10,0.1
1,10.782,0,10,0.1
0,1.497,0,10,0.1
1,2.309,0,10,0.1
1,2.923,0,10,0.325
1,4.686,0,10,0.325
1,2.318,0,10,0.325
1,2.254,0,10,0.325
1,2.229,0,10,0.325
1,2.563,0,10,0.325
0,3.817,0,10,0.325
0,1.602,0,10,0.325
1,2.1180000000000003,0,10,0.325
0,1.794,0,10,0.325
0,4.445,0,10,0.55
1,2.425,0,10,0.55
1,2.557,0,10,0.55
1,2.7110000000000003,0,10,0.55
1,3.199,0,10,0.55
1,2.262,0,10,0.55
1,2.909,0,10,0.55
1,1.877,0,10,0.55
1,2.688,0,10,0.55
1,2.438,0,10,0.55
1,4.416,0,10,0.775
1,1.744,0,10,0.775
1,1.67,0,10,0.775
1,5.867000000000001,0,10,0.775
1,4.114,0,10,0.775
1,3.401,0,10,0.775
1,2.084,0,10,0.775
1,2.198,0,10,0.775
1,2.42,0,10,0.775
1,1.986,0,10,0.775
1,3.762,0,10,1.0
1,1.714,0,10,1.0
1,2.906,0,10,1.0
1,2.104,0,10,1.0
1,3.075,0,10,1.0
1,2.865,0,10,1.0
1,5.13,0,10,1.0
0,1.898,0,10,1.0
1,1.999,0,10,1.0
1,2.695,0,10,1.0
0,1.574,50,10,-2.0
0,1.921,50,10,-2.0
0,3.841,50,10,-2.0
0,1.547,50,10,-2.0
0,2.09,50,10,-2.0
0,2.196,50,10,-2.0
0,2.3680000000000003,50,10,-2.0
0,2.155,50,10,-2.0
0,3.387,50,10,-2.0
0,1.705,50,10,-2.0
0,1.668,50,10,-1.525
0,3.354,50,10,-1.525
1,2.894,50,10,-1.525
0,2.372,50,10,-1.525
0,3.709,50,10,-1.525
0,1.767,50,10,-1.525
0,2.389,50,10,-1.525
0,1.308,50,10,-1.525
0,1.202,50,10,-1.525
0,2.215,50,10,-1.525
0,2.994,50,10,-1.0499999999999998
0,2.405,50,10,-1.0499999999999998
0,2.732,50,10,-1.0499999999999998
0,2.732,50,10,-1.0499999999999998
0,1.912,50,10,-1.0499999999999998
0,2.213,50,10,-1.0499999999999998
0,4.14,50,10,-1.0499999999999998
1,2.412,50,10,-1.0499999999999998
0,2.212,50,10,-1.0499999999999998
0,2.839,50,10,-1.0499999999999998
0,2.6260000000000003,50,10,-0.5749999999999997
0,3.0380000000000003,50,10,-0.5749999999999997
1,2.266,50,10,-0.5749999999999997
0,2.295,50,10,-0.5749999999999997
0,2.136,50,10,-0.5749999999999997
0,2.115,50,10,-0.5749999999999997
0,2.16,50,10,-0.5749999999999997
0,2.736,50,10,-0.5749999999999997
0,2.477,50,10,-0.5749999999999997
0,1.685,50,10,-0.5749999999999997
1,2.8960000000000004,50,10,-0.09999999999999963
0,2.903,50,10,-0.09999999999999963
0,3.116,50,10,-0.09999999999999963
1,2.475,50,10,-0.09999999999999963
1,2.374,50,10,-0.09999999999999963
0,2.166,50,10,-0.09999999999999963
1,3.056,50,10,-0.09999999999999963
0,1.978,50,10,-0.09999999999999963
1,2.774,50,10,-0.09999999999999963
0,2.458,50,10,-0.09999999999999963
1,3.262,50,10,0.1
0,3.729,50,10,0.1
0,6.794,50,10,0.1
1,3.256,50,10,0.1
1,2.016,50,10,0.1
1,3.61,50,10,0.1
0,8.331,50,10,0.1
1,2.853,50,10,0.1
0,3.419,50,10,0.1
1,2.004,50,10,0.1
1,3.809,50,10,0.575
1,3.063,50,10,0.575
0,4.349,50,10,0.575
1,3.119,50,10,0.575
1,1.836,50,10,0.575
0,1.935,50,10,0.575
1,2.86,50,10,0.575
1,2.085,50,10,0.575
1,2.978,50,10,0.575
1,2.324,50,10,0.575
0,2.166,50,10,1.05
0,2.9360000000000004,50,10,1.05
1,3.3,50,10,1.05
1,2.14,50,10,1.05
1,2.6060000000000003,50,10,1.05
1,1.6740000000000002,50,10,1.05
1,1.996,50,10,1.05
0,1.732,50,10,1.05
1,1.77,50,10,1.05
1,2.208,50,10,1.05
1,3.899,50,10,1.525
1,1.7819999999999998,50,10,1.525
1,1.539,50,10,1.525
1,2.024,50,10,1.525
1,1.495,50,10,1.525
1,3.023,50,10,1.525
0,2.477,50,10,1.525
1,2.322,50,10,1.525
1,1.862,50,10,1.525
1,2.001,50,10,1.525
1,2.061,50,10,2.0
1,3.097,50,10,2.0
1,2.944,50,10,2.0
1,2.428,50,10,2.0
1,2.619,50,10,2.0
1,5.672999999999999,50,10,2.0
1,2.5,50,10,2.0
1,2.274,50,10,2.0
1,1.834,50,10,2.0
1,2.237,50,10,2.0
0,2.572,100,10,-3.0
0,5.642,100,10,-3.0
0,2.903,100,10,-3.0
0,2.642,100,10,-3.0
1,1.556,100,10,-3.0
0,1.6569999999999998,100,10,-3.0
0,3.221,100,10,-3.0
0,1.7080000000000002,100,10,-3.0
0,2.603,100,10,-3.0
0,1.527,100,10,-3.0
0,2.715,100,10,-2.275
1,1.442,100,10,-2.275
1,2.1630000000000003,100,10,-2.275
0,2.169,100,10,-2.275
0,2.408,100,10,-2.275
0,2.401,100,10,-2.275
0,1.853,100,10,-2.275
0,1.846,100,10,-2.275
0,1.933,100,10,-2.275
0,2.218,100,10,-2.275
0,2.944,100,10,-1.5499999999999998
0,2.766,100,10,-1.5499999999999998
0,2.907,100,10,-1.5499999999999998
0,2.439,100,10,-1.5499999999999998
0,1.887,100,10,-1.5499999999999998
1,2.764,100,10,-1.5499999999999998
0,1.928,100,10,-1.5499999999999998
0,1.916,100,10,-1.5499999999999998
0,1.994,100,10,-1.5499999999999998
0,1.847,100,10,-1.5499999999999998
0,2.696,100,10,-0.8249999999999997
1,1.944,100,10,-0.8249999999999997
1,3.857,100,10,-0.8249999999999997
0,3.279,100,10,-0.8249999999999997
0,3.333,100,10,-0.8249999999999997
1,1.692,100,10,-0.8249999999999997
0,1.959,100,10,-0.8249999999999997
0,2.1630000000000003,100,10,-0.8249999999999997
0,2.174,100,10,-0.8249999999999997
1,2.013,100,10,-0.8249999999999997
0,2.7880000000000003,100,10,-0.09999999999999963
1,3.854,100,10,-0.09999999999999963
1,1.742,100,10,-0.09999999999999963
1,1.804,100,10,-0.09999999999999963
1,2.085,100,10,-0.09999999999999963
0,2.37,100,10,-0.09999999999999963
0,2.39,100,10,-0.09999999999999963
1,2.83,100,10,-0.09999999999999963
0,2.781,100,10,-0.09999999999999963
0,1.904,100,10,-0.09999999999999963
0,2.698,100,10,0.1
1,3.512,100,10,0.1
1,1.55,100,10,0.1
1,4.527,100,10,0.1
1,2.005,100,10,0.1
0,2.338,100,10,0.1
0,2.763,100,10,0.1
1,1.6969999999999998,100,10,0.1
1,3.378,100,10,0.1
1,2.4330000000000003,100,10,0.1
0,2.633,100,10,0.825
1,4.9110000000000005,100,10,0.825
1,3.266,100,10,0.825
1,2.999,100,10,0.825
1,2.1790000000000003,100,10,0.825
1,3.556,100,10,0.825
1,2.264,100,10,0.825
1,3.015,100,10,0.825
0,4.404,100,10,0.825
0,3.0810000000000004,100,10,0.825
1,1.791,100,10,1.55
1,2.812,100,10,1.55
1,2.649,100,10,1.55
1,1.6,100,10,1.55
1,3.399,100,10,1.55
1,2.238,100,10,1.55
1,1.96,100,10,1.55
0,3.103,100,10,1.55
1,2.364,100,10,1.55
1,1.789,100,10,1.55
1,3.135,100,10,2.275
1,1.812,100,10,2.275
1,2.217,100,10,2.275
0,2.337,100,10,2.275
1,2.018,100,10,2.275
1,1.264,100,10,2.275
1,2.984,100,10,2.275
0,0.503,100,10,2.275
1,2.95,100,10,2.275
1,1.741,100,10,2.275
1,2.878,100,10,3.0
1,2.96,100,10,3.0
1,9.653,100,10,3.0
1,2.6460000000000004,100,10,3.0
1,2.151,100,10,3.0
1,1.642,100,10,3.0
1,1.507,100,10,3.0
1,3.0380000000000003,100,10,3.0
1,2.135,100,10,3.0
1,1.872,100,10,3.0
0,2.121,150,10,-4.0
0,2.717,150,10,-4.0
0,3.228,150,10,-4.0
0,2.055,150,10,-4.0
0,3.073,150,10,-4.0
0,2.6180000000000003,150,10,-4.0
0,1.396,150,10,-4.0
0,2.25,150,10,-4.0
0,2.011,150,10,-4.0
0,2.378,150,10,-4.0
0,1.925,150,10,-3.025
0,2.198,150,10,-3.025
0,2.441,150,10,-3.025
0,2.486,150,10,-3.025
0,2.724,150,10,-3.025
0,2.214,150,10,-3.025
0,1.6840000000000002,150,10,-3.025
0,2.005,150,10,-3.025
0,1.829,150,10,-3.025
0,2.262,150,10,-3.025
0,2.929,150,10,-2.05
0,3.372,150,10,-2.05
0,2.146,150,10,-2.05
0,2.5860000000000003,150,10,-2.05
0,2.5610000000000004,150,10,-2.05
0,2.215,150,10,-2.05
0,3.04,150,10,-2.05
0,6.466,150,10,-2.05
0,1.771,150,10,-2.05
0,1.65,150,10,-2.05
0,2.051,150,10,-1.0749999999999995
1,3.652,150,10,-1.0749999999999995
1,2.388,150,10,-1.0749999999999995
0,3.846,150,10,-1.0749999999999995
0,2.041,150,10,-1.0749999999999995
0,2.984,150,10,-1.0749999999999995
1,2.022,150,10,-1.0749999999999995
0,2.705,150,10,-1.0749999999999995
0,3.139,150,10,-1.0749999999999995
0,2.624,150,10,-1.0749999999999995
0,2.406,150,10,-0.09999999999999963
0,3.366,150,10,-0.09999999999999963
0,2.301,150,10,-0.09999999999999963
1,1.788,150,10,-0.09999999999999963
0,2.435,150,10,-0.09999999999999963
0,1.589,150,10,-0.09999999999999963
0,2.249,150,10,-0.09999999999999963
0,3.067,150,10,-0.09999999999999963
0,2.296,150,10,-0.09999999999999963
1,2.208,150,10,-0.09999999999999963
1,2.998,150,10,0.1
1,2.434,150,10,0.1
0,7.989,150,10,0.1
0,3.891,150,10,0.1
0,1.751,150,10,0.1
0,2.829,150,10,0.1
0,3.292,150,10,0.1
1,1.72,150,10,0.1
1,2.0380000000000003,150,10,0.1
0,2.267,150,10,0.1
1,2.75,150,10,1.075
1,3.89,150,10,1.075
1,4.104,150,10,1.075
1,3.51,150,10,1.075
1,2.103,150,10,1.075
1,5.072,150,10,1.075
1,2.16,150,10,1.075
1,1.401,150,10,1.075
1,3.58,150,10,1.075
1,2.0980000000000003,150,10,1.075
1,3.167,150,10,2.05
1,3.952,150,10,2.05
1,6.314,150,10,2.05
1,6.745,150,10,2.05
1,1.985,150,10,2.05
1,2.372,150,10,2.05
1,1.739,150,10,2.05
1,3.334,150,10,2.05
0,2.379,150,10,2.05
1,2.6210000000000004,150,10,2.05
1,4.186,150,10,3.025
1,2.507,150,10,3.025
1,2.918,150,10,3.025
1,2.353,150,10,3.025
1,2.8080000000000003,150,10,3.025
1,2.962,150,10,3.025
1,1.94,150,10,3.025
1,2.975,150,10,3.025
1,3.052,150,10,3.025
1,2.253,150,10,3.025
1,2.867,150,10,4.0
0,2.733,150,10,4.0
1,3.037,150,10,4.0
1,2.935,150,10,4.0
1,3.446,150,10,4.0
1,3.696,150,10,4.0
1,2.6060000000000003,150,10,4.0
1,3.034,150,10,4.0
1,2.323,150,10,4.0
1,2.046,150,10,4.0
0,2.968,200,10,-5.0
0,3.284,200,10,-5.0
0,2.776,200,10,-5.0
0,2.476,200,10,-5.0
0,2.658,200,10,-5.0
0,2.2840000000000003,200,10,-5.0
0,2.684,200,10,-5.0
0,1.743,200,10,-5.0
0,1.937,200,10,-5.0
0,1.659,200,10,-5.0
0,2.0340000000000003,200,10,-3.775
0,1.577,200,10,-3.775
0,2.148,200,10,-3.775
0,2.071,200,10,-3.775
0,3.224,200,10,-3.775
0,2.376,200,10,-3.775
0,2.555,200,10,-3.775
0,2.488,200,10,-3.775
1,2.349,200,10,-3.775
1,1.5,200,10,-3.775
0,2.9410000000000003,200,10,-2.55
0,3.179,200,10,-2.55
0,3.632,200,10,-2.55
0,3.411,200,10,-2.55
0,4.996,200,10,-2.55
0,1.989,200,10,-2.55
0,2.202,200,10,-2.55
0,2.431,200,10,-2.55
0,2.15,200,10,-2.55
0,1.981,200,10,-2.55
0,2.258,200,10,-1.3249999999999995
0,2.955,200,10,-1.3249999999999995
0,4.01,200,10,-1.3249999999999995
0,2.639,200,10,-1.3249999999999995
0,2.58,200,10,-1.3249999999999995
1,2.516,200,10,-1.3249999999999995
0,2.03,200,10,-1.3249999999999995
1,3.15,200,10,-1.3249999999999995
0,3.4210000000000003,200,10,-1.3249999999999995
0,2.82,200,10,-1.3249999999999995
1,2.19,200,10,-0.09999999999999963
1,2.919,200,10,-0.09999999999999963
1,1.699,200,10,-0.09999999999999963
1,2.353,200,10,-0.09999999999999963
0,1.91,200,10,-0.09999999999999963
0,2.294,200,10,-0.09999999999999963
1,1.901,200,10,-0.09999999999999963
0,2.211,200,10,-0.09999999999999963
0,3.596,200,10,-0.09999999999999963
1,2.741,200,10,-0.09999999999999963
1,2.451,200,10,0.1
1,5.057,200,10,0.1
0,5.03,200,10,0.1
1,1.6030000000000002,200,10,0.1
1,2.85,200,10,0.1
0,2.266,200,10,0.1
1,2.184,200,10,0.1
0,3.111,200,10,0.1
1,12.488,200,10,0.1
0,2.222,200,10,0.1
1,2.131,200,10,1.3250000000000002
1,2.009,200,10,1.3250000000000002
1,4.728,200,10,1.3250000000000002
1,8.248,200,10,1.3250000000000002
1,3.483,200,10,1.3250000000000002
1,2.692,200,10,1.3250000000000002
1,4.773,200,10,1.3250000000000002
1,1.824,200,10,1.3250000000000002
1,2.915,200,10,1.3250000000000002
1,3.292,200,10,1.3250000000000002
1,4.404,200,10,2.5500000000000003
1,5.664,200,10,2.5500000000000003
1,3.964,200,10,2.5500000000000003
1,3.398,200,10,2.5500000000000003
1,2.643,200,10,2.5500000000000003
1,3.27,200,10,2.5500000000000003
1,2.401,200,10,2.5500000000000003
1,2.29,200,10,2.5500000000000003
1,2.024,200,10,2.5500000000000003
1,2.821,200,10,2.5500000000000003
1,2.719,200,10,3.775
0,3.112,200,10,3.775
0,2.298,200,10,3.775
1,2.172,200,10,3.775
1,7.027,200,10,3.775
1,4.834,200,10,3.775
1,2.167,200,10,3.775
1,3.332,200,10,3.775
1,2.41,200,10,3.775
1,2.062,200,10,3.775
1,2.0580000000000003,200,10,5.0
1,3.909,200,10,5.0
1,2.458,200,10,5.0
1,3.95,200,10,5.0
1,2.535,200,10,5.0
1,8.904,200,10,5.0
1,2.455,200,10,5.0
1,3.553,200,10,5.0
1,3.216,200,10,5.0
1,3.523,200,10,5.0
0,3.218,0,20,-2.5
0,2.21,0,20,-2.5
0,1.867,0,20,-2.5
0,2.6260000000000003,0,20,-2.5
0,2.3480000000000003,0,20,-2.5
1,2.0,0,20,-2.5
0,1.6,0,20,-2.5
0,2.197,0,20,-2.5
0,3.534,0,20,-2.5
0,2.8280000000000003,0,20,-2.5
0,2.072,0,20,-1.9
0,2.407,0,20,-1.9
0,1.824,0,20,-1.9
0,1.453,0,20,-1.9
0,1.953,0,20,-1.9
0,2.036,0,20,-1.9
0,1.926,0,20,-1.9
0,2.588,0,20,-1.9
0,1.222,0,20,-1.9
0,2.733,0,20,-1.9
0,4.103,0,20,-1.2999999999999998
0,2.849,0,20,-1.2999999999999998
0,2.142,0,20,-1.2999999999999998
0,2.201,0,20,-1.2999999999999998
0,3.509,0,20,-1.2999999999999998
1,2.872,0,20,-1.2999999999999998
0,3.214,0,20,-1.2999999999999998
0,1.382,0,20,-1.2999999999999998
0,2.963,0,20,-1.2999999999999998
0,2.017,0,20,-1.2999999999999998
0,2.517,0,20,-0.6999999999999997
0,2.649,0,20,-0.6999999999999997
0,1.601,0,20,-0.6999999999999997
0,2.248,0,20,-0.6999999999999997
0,2.074,0,20,-0.6999999999999997
0,1.857,0,20,-0.6999999999999997
1,2.658,0,20,-0.6999999999999997
0,1.271,0,20,-0.6999999999999997
0,1.96,0,20,-0.6999999999999997
0,3.21,0,20,-0.6999999999999997
1,1.506,0,20,-0.09999999999999963
1,1.967,0,20,-0.09999999999999963
1,2.285,0,20,-0.09999999999999963
1,1.714,0,20,-0.09999999999999963
0,2.793,0,20,-0.09999999999999963
0,1.886,0,20,-0.09999999999999963
0,2.7510000000000003,0,20,-0.09999999999999963
0,2.833,0,20,-0.09999999999999963
0,1.6569999999999998,0,20,-0.09999999999999963
1,1.972,0,20,-0.09999999999999963
0,1.945,0,20,0.1
0,2.895,0,20,0.1
0,2.251,0,20,0.1
1,2.62,0,20,0.1
1,9.673,0,20,0.1
0,1.917,0,20,0.1
0,2.383,0,20,0.1
0,3.877,0,20,0.1
1,1.886,0,20,0.1
0,1.811,0,20,0.1
1,7.251,0,20,0.7
1,3.488,0,20,0.7
1,2.446,0,20,0.7
1,5.504,0,20,0.7
0,2.677,0,20,0.7
1,4.189,0,20,0.7
1,3.563,0,20,0.7
1,1.651,0,20,0.7
1,1.88,0,20,0.7
1,2.519,0,20,0.7
1,1.815,0,20,1.3
1,3.027,0,20,1.3
1,14.289,0,20,1.3
1,2.911,0,20,1.3
1,2.31,0,20,1.3
1,2.35,0,20,1.3
1,1.4169999999999998,0,20,1.3
0,2.6860000000000004,0,20,1.3
1,3.242,0,20,1.3
1,1.254,0,20,1.3
1,2.97,0,20,1.9
1,1.665,0,20,1.9
1,2.186,0,20,1.9
1,2.398,0,20,1.9
1,1.545,0,20,1.9
1,2.457,0,20,1.9
1,2.847,0,20,1.9
1,2.337,0,20,1.9
1,3.815,0,20,1.9
1,2.117,0,20,1.9
1,3.095,0,20,2.5
1,1.6909999999999998,0,20,2.5
1,2.904,0,20,2.5
1,1.787,0,20,2.5
1,2.8360000000000003,0,20,2.5
1,2.035,0,20,2.5
1,1.386,0,20,2.5
1,2.132,0,20,2.5
1,1.6740000000000002,0,20,2.5
1,2.29,0,20,2.5
0,1.599,50,20,-3.5
0,2.449,50,20,-3.5
0,1.781,50,20,-3.5
0,2.57,50,20,-3.5
0,2.013,50,20,-3.5
0,2.724,50,20,-3.5
0,1.965,50,20,-3.5
0,1.32,50,20,-3.5
0,1.3869999999999998,50,20,-3.5
0,1.59,50,20,-3.5
0,2.983,50,20,-2.675
0,3.817,50,20,-2.675
0,2.398,50,20,-2.675
0,1.751,50,20,-2.675
0,1.859,50,20,-2.675
0,1.24,50,20,-2.675
0,1.6769999999999998,50,20,-2.675
0,2.037,50,20,-2.675
0,2.685,50,20,-2.675
0,1.771,50,20,-2.675
0,2.076,50,20,-1.85
0,3.107,50,20,-1.85
1,1.7990000000000002,50,20,-1.85
0,2.338,50,20,-1.85
1,2.389,50,20,-1.85
1,1.705,50,20,-1.85
0,1.65,50,20,-1.85
0,2.529,50,20,-1.85
0,2.537,50,20,-1.85
0,1.283,50,20,-1.85
0,2.14,50,20,-1.0249999999999997
0,2.248,50,20,-1.0249999999999997
0,1.638,50,20,-1.0249999999999997
0,2.837,50,20,-1.0249999999999997
0,2.401,50,20,-1.0249999999999997
1,2.489,50,20,-1.0249999999999997
0,2.261,50,20,-1.0249999999999997
0,2.08,50,20,-1.0249999999999997
1,1.692,50,20,-1.0249999999999997
0,1.5319999999999998,50,20,-1.0249999999999997
0,5.566,50,20,-0.1999999999999993
0,2.291,50,20,-0.1999999999999993
1,2.36,50,20,-0.1999999999999993
1,2.125,50,20,-0.1999999999999993
1,3.2430000000000003,50,20,-0.1999999999999993
0,1.372,50,20,-0.1999999999999993
0,1.92,50,20,-0.1999999999999993
1,2.454,50,20,-0.1999999999999993
1,1.796,50,20,-0.1999999999999993
0,2.937,50,20,-0.1999999999999993
1,2.495,50,20,0.2
1,2.919,50,20,0.2
1,1.87,50,20,0.2
0,5.709,50,20,0.2
1,2.113,50,20,0.2
1,4.246,50,20,0.2
0,4.981,50,20,0.2
1,3.683,50,20,0.2
1,2.095,50,20,0.2
0,1.711,50,20,0.2
1,4.141,50,20,1.025
1,2.964,50,20,1.025
1,1.598,50,20,1.025
1,2.502,50,20,1.025
1,2.092,50,20,1.025
1,1.369,50,20,1.025
0,2.34,50,20,1.025
1,4.383,50,20,1.025
0,2.166,50,20,1.025
1,3.112,50,20,1.025
0,12.706,50,20,1.85
1,3.3310000000000004,50,20,1.85
1,3.267,50,20,1.85
0,3.072,50,20,1.85
0,4.154,50,20,1.85
1,2.158,50,20,1.85
1,1.63,50,20,1.85
0,1.924,50,20,1.85
1,4.271,50,20,1.85
1,2.307,50,20,1.85
0,2.84,50,20,2.675
1,4.604,50,20,2.675
1,2.7880000000000003,50,20,2.675
1,2.8160000000000003,50,20,2.675
1,3.007,50,20,2.675
1,4.012,50,20,2.675
1,3.467,50,20,2.675
1,1.99,50,20,2.675
1,2.716,50,20,2.675
1,1.492,50,20,2.675
1,2.093,50,20,3.5
1,2.133,50,20,3.5
1,2.727,50,20,3.5
1,1.4680000000000002,50,20,3.5
1,3.997,50,20,3.5
1,2.894,50,20,3.5
1,2.121,50,20,3.5
1,2.846,50,20,3.5
1,2.258,50,20,3.5
1,2.176,50,20,3.5
0,1.6880000000000002,100,20,-4.5
0,1.968,100,20,-4.5
0,2.5610000000000004,100,20,-4.5
0,2.694,100,20,-4.5
0,2.37,100,20,-4.5
0,2.115,100,20,-4.5
0,2.6060000000000003,100,20,-4.5
0,2.577,100,20,-4.5
0,2.555,100,20,-4.5
0,2.657,100,20,-4.5
0,2.234,100,20,-3.425
0,5.029,100,20,-3.425
0,2.299,100,20,-3.425
0,2.197,100,20,-3.425
0,1.981,100,20,-3.425
0,2.371,100,20,-3.425
0,2.059,100,20,-3.425
0,2.467,100,20,-3.425
0,2.105,100,20,-3.425
0,2.513,100,20,-3.425
0,2.685,100,20,-2.35
1,2.739,100,20,-2.35
0,2.302,100,20,-2.35
0,2.652,100,20,-2.35
0,1.415,100,20,-2.35
0,2.915,100,20,-2.35
0,2.016,100,20,-2.35
0,1.811,100,20,-2.35
1,1.534,100,20,-2.35
1,2.628,100,20,-2.35
0,1.7,100,20,-1.2749999999999997
0,2.249,100,20,-1.2749999999999997
0,2.8360000000000003,100,20,-1.2749999999999997
1,1.793,100,20,-1.2749999999999997
0,1.808,100,20,-1.2749999999999997
0,2.664,100,20,-1.2749999999999997
0,1.913,100,20,-1.2749999999999997
0,2.555,100,20,-1.2749999999999997
0,2.564,100,20,-1.2749999999999997
0,1.877,100,20,-1.2749999999999997
1,2.571,100,20,-0.1999999999999993
0,1.401,100,20,-0.1999999999999993
1,1.546,100,20,-0.1999999999999993
0,2.018,100,20,-0.1999999999999993
0,1.819,100,20,-0.1999999999999993
0,1.851,100,20,-0.1999999999999993
1,2.732,100,20,-0.1999999999999993
1,2.2230000000000003,100,20,-0.1999999999999993
0,1.939,100,20,-0.1999999999999993
0,2.365,100,20,-0.1999999999999993
1,2.762,100,20,0.2
0,7.5710000000000015,100,20,0.2
1,4.086,100,20,0.2
0,2.589,100,20,0.2
0,1.959,100,20,0.2
0,1.6769999999999998,100,20,0.2
0,2.559,100,20,0.2
1,2.299,100,20,0.2
0,2.448,100,20,0.2
1,1.714,100,20,0.2
1,2.815,100,20,1.275
1,5.096,100,20,1.275
1,3.224,100,20,1.275
1,3.272,100,20,1.275
0,4.927,100,20,1.275
0,1.808,100,20,1.275
1,2.153,100,20,1.275
1,10.939,100,20,1.275
0,2.113,100,20,1.275
1,2.2230000000000003,100,20,1.275
1,2.815,100,20,2.35
0,13.223,100,20,2.35
1,3.018,100,20,2.35
1,2.608,100,20,2.35
1,2.855,100,20,2.35
1,2.341,100,20,2.35
1,1.557,100,20,2.35
1,3.434,100,20,2.35
1,1.485,100,20,2.35
0,1.891,100,20,2.35
0,6.0139999999999985,100,20,3.425
1,2.425,100,20,3.425
1,4.368,100,20,3.425
1,4.058,100,20,3.425
1,1.789,100,20,3.425
1,2.414,100,20,3.425
1,2.948,100,20,3.425
1,2.218,100,20,3.425
0,1.654,100,20,3.425
1,2.719,100,20,3.425
1,7.371,100,20,4.5
1,2.963,100,20,4.5
1,5.452000000000001,100,20,4.5
1,2.125,100,20,4.5
1,1.939,100,20,4.5
1,1.921,100,20,4.5
1,13.55,100,20,4.5
1,5.896,100,20,4.5
1,3.01,100,20,4.5
1,1.937,100,20,4.5
0,1.523,150,20,-5.5
0,1.995,150,20,-5.5
0,1.7480000000000002,150,20,-5.5
0,1.3769999999999998,150,20,-5.5
0,2.177,150,20,-5.5
0,1.981,150,20,-5.5
0,1.449,150,20,-5.5
0,1.21,150,20,-5.5
0,2.477,150,20,-5.5
0,2.616,150,20,-5.5
0,2.02,150,20,-4.175
0,2.716,150,20,-4.175
0,1.898,150,20,-4.175
0,3.309,150,20,-4.175
0,2.061,150,20,-4.175
0,4.512,150,20,-4.175
0,2.025,150,20,-4.175
0,1.351,150,20,-4.175
0,2.037,150,20,-4.175
0,2.055,150,20,-4.175
0,2.8760000000000003,150,20,-2.85
0,2.426,150,20,-2.85
1,1.872,150,20,-2.85
0,2.576,150,20,-2.85
0,3.1210000000000004,150,20,-2.85
0,1.533,150,20,-2.85
0,1.531,150,20,-2.85
0,1.5519999999999998,150,20,-2.85
1,2.022,150,20,-2.85
0,2.678,150,20,-2.85
0,3.307,150,20,-1.5249999999999997
0,2.804,150,20,-1.5249999999999997
0,2.303,150,20,-1.5249999999999997
0,3.1210000000000004,150,20,-1.5249999999999997
0,2.005,150,20,-1.5249999999999997
1,2.449,150,20,-1.5249999999999997
1,3.519,150,20,-1.5249999999999997
0,1.5319999999999998,150,20,-1.5249999999999997
0,2.089,150,20,-1.5249999999999997
0,2.456,150,20,-1.5249999999999997
1,3.633,150,20,-0.1999999999999993
1,1.873,150,20,-0.1999999999999993
0,1.533,150,20,-0.1999999999999993
0,2.176,150,20,-0.1999999999999993
1,2.526,150,20,-0.1999999999999993
1,3.111,150,20,-0.1999999999999993
0,3.125,150,20,-0.1999999999999993
0,1.866,150,20,-0.1999999999999993
1,1.857,150,20,-0.1999999999999993
0,2.043,150,20,-0.1999999999999993
1,3.135,150,20,0.2
0,3.055,150,20,0.2
0,3.234,150,20,0.2
0,2.654,150,20,0.2
1,3.116,150,20,0.2
1,2.393,150,20,0.2
0,3.2710000000000004,150,20,0.2
1,2.432,150,20,0.2
0,4.2810000000000015,150,20,0.2
0,2.283,150,20,0.2
1,9.08,150,20,1.525
1,2.8560000000000003,150,20,1.525
0,3.027,150,20,1.525
1,5.0310000000000015,150,20,1.525
1,3.383,150,20,1.525
1,3.898,150,20,1.525
1,2.715,150,20,1.525
0,3.591,150,20,1.525
1,2.049,150,20,1.525
1,2.315,150,20,1.525
1,4.284,150,20,2.85
1,2.806,150,20,2.85
1,3.672,150,20,2.85
0,2.968,150,20,2.85
1,3.437,150,20,2.85
1,5.001,150,20,2.85
1,3.953,150,20,2.85
1,2.439,150,20,2.85
1,3.4810000000000003,150,20,2.85
1,2.097,150,20,2.85
1,3.071,150,20,4.175
1,3.156,150,20,4.175
1,2.295,150,20,4.175
1,2.298,150,20,4.175
1,4.646,150,20,4.175
1,2.73,150,20,4.175
1,1.879,150,20,4.175
1,2.187,150,20,4.175
1,1.98,150,20,4.175
1,2.708,150,20,4.175
1,12.224,150,20,5.5
1,2.1630000000000003,150,20,5.5
1,4.097,150,20,5.5
1,3.4130000000000003,150,20,5.5
1,2.258,150,20,5.5
1,3.025,150,20,5.5
1,4.916,150,20,5.5
1,2.689,150,20,5.5
1,3.471,150,20,5.5
1,1.877,150,20,5.5
0,3.039,200,20,-6.5
0,2.007,200,20,-6.5
0,2.178,200,20,-6.5
0,1.981,200,20,-6.5
0,1.781,200,20,-6.5
0,2.546,200,20,-6.5
0,1.463,200,20,-6.5
0,2.046,200,20,-6.5
0,2.31,200,20,-6.5
0,1.957,200,20,-6.5
0,3.553,200,20,-4.925
0,2.582,200,20,-4.925
0,2.336,200,20,-4.925
0,3.05,200,20,-4.925
0,2.202,200,20,-4.925
0,3.026,200,20,-4.925
0,2.897,200,20,-4.925
0,1.669,200,20,-4.925
0,3.979,200,20,-4.925
0,3.5,200,20,-4.925
0,2.294,200,20,-3.35
0,1.867,200,20,-3.35
1,2.3,200,20,-3.35
0,2.813,200,20,-3.35
1,2.528,200,20,-3.35
0,2.27,200,20,-3.35
1,2.347,200,20,-3.35
0,2.105,200,20,-3.35
0,2.219,200,20,-3.35
0,4.176,200,20,-3.35
0,2.075,200,20,-1.7749999999999997
0,2.481,200,20,-1.7749999999999997
0,2.479,200,20,-1.7749999999999997
0,2.461,200,20,-1.7749999999999997
0,2.53,200,20,-1.7749999999999997
0,2.955,200,20,-1.7749999999999997
0,2.675,200,20,-1.7749999999999997
1,2.656,200,20,-1.7749999999999997
1,2.245,200,20,-1.7749999999999997
0,2.644,200,20,-1.7749999999999997
0,2.972,200,20,-0.1999999999999993
0,3.199,200,20,-0.1999999999999993
1,2.648,200,20,-0.1999999999999993
0,1.979,200,20,-0.1999999999999993
0,2.265,200,20,-0.1999999999999993
1,2.668,200,20,-0.1999999999999993
1,2.71,200,20,-0.1999999999999993
0,3.292,200,20,-0.1999999999999993
1,2.216,200,20,-0.1999999999999993
1,2.698,200,20,-0.1999999999999993
0,3.677,200,20,0.2
0,3.4810000000000003,200,20,0.2
1,2.949,200,20,0.2
1,4.766,200,20,0.2
1,2.792,200,20,0.2
1,2.391,200,20,0.2
1,2.878,200,20,0.2
1,2.82,200,20,0.2
1,2.792,200,20,0.2
0,2.899,200,20,0.2
1,2.138,200,20,1.775
1,4.994,200,20,1.775
1,2.938,200,20,1.775
1,2.359,200,20,1.775
1,2.491,200,20,1.775
0,3.037,200,20,1.775
0,2.528,200,20,1.775
0,2.5860000000000003,200,20,1.775
1,4.319,200,20,1.775
1,2.645,200,20,1.775
1,8.164,200,20,3.35
1,2.271,200,20,3.35
1,4.272,200,20,3.35
1,2.281,200,20,3.35
1,2.509,200,20,3.35
1,4.169,200,20,3.35
1,3.2260000000000004,200,20,3.35
1,1.257,200,20,3.35
1,5.4220000000000015,200,20,3.35
1,2.152,200,20,3.35
1,2.079,200,20,4.925
0,2.205,200,20,4.925
1,7.59,200,20,4.925
1,2.518,200,20,4.925
1,3.229,200,20,4.925
1,1.943,200,20,4.925
1,2.167,200,20,4.925
1,2.001,200,20,4.925
1,1.951,200,20,4.925
1,3.318,200,20,4.925
1,2.925,200,20,6.5
1,3.646,200,20,6.5
1,2.175,200,20,6.5
1,1.72,200,20,6.5
0,3.666,200,20,6.5
1,2.015,200,20,6.5
1,5.13,200,20,6.5
1,2.2430000000000003,200,20,6.5
1,2.452,200,20,6.5
1,2.291,200,20,6.5
0,2.271,0,30,-3.5
0,2.229,0,30,-3.5
0,1.964,0,30,-3.5
0,2.426,0,30,-3.5
0,1.6230000000000002,0,30,-3.5
0,1.641,0,30,-3.5
0,2.139,0,30,-3.5
0,1.987,0,30,-3.5
0,2.483,0,30,-3.5
0,1.509,0,30,-3.5
0,1.891,0,30,-2.675
1,3.588,0,30,-2.675
0,2.998,0,30,-2.675
1,2.08,0,30,-2.675
1,2.702,0,30,-2.675
0,1.819,0,30,-2.675
0,1.564,0,30,-2.675
0,1.622,0,30,-2.675
0,1.7719999999999998,0,30,-2.675
0,2.155,0,30,-2.675
0,2.6460000000000004,0,30,-1.85
0,2.907,0,30,-1.85
0,1.934,0,30,-1.85
0,1.859,0,30,-1.85
0,1.746,0,30,-1.85
0,2.713,0,30,-1.85
0,1.871,0,30,-1.85
0,1.4409999999999998,0,30,-1.85
0,2.807,0,30,-1.85
0,2.25,0,30,-1.85
0,2.833,0,30,-1.0249999999999997
0,2.1630000000000003,0,30,-1.0249999999999997
0,2.504,0,30,-1.0249999999999997
0,4.115,0,30,-1.0249999999999997
0,2.051,0,30,-1.0249999999999997
0,2.188,0,30,-1.0249999999999997
0,3.025,0,30,-1.0249999999999997
0,1.732,0,30,-1.0249999999999997
0,1.7180000000000002,0,30,-1.0249999999999997
0,2.088,0,30,-1.0249999999999997
1,1.897,0,30,-0.1999999999999993
0,3.111,0,30,-0.1999999999999993
1,2.46,0,30,-0.1999999999999993
0,1.858,0,30,-0.1999999999999993
0,2.123,0,30,-0.1999999999999993
0,3.179,0,30,-0.1999999999999993
0,1.823,0,30,-0.1999999999999993
1,2.381,0,30,-0.1999999999999993
0,1.352,0,30,-0.1999999999999993
0,1.585,0,30,-0.1999999999999993
0,3.22,0,30,0.2
1,3.617,0,30,0.2
1,5.2410000000000005,0,30,0.2
1,3.036,0,30,0.2
0,2.007,0,30,0.2
0,2.638,0,30,0.2
1,2.992,0,30,0.2
1,1.508,0,30,0.2
1,2.089,0,30,0.2
0,2.236,0,30,0.2
0,2.609,0,30,1.025
1,4.013,0,30,1.025
1,2.022,0,30,1.025
0,2.026,0,30,1.025
1,3.452,0,30,1.025
1,2.079,0,30,1.025
1,2.035,0,30,1.025
0,2.922,0,30,1.025
1,2.095,0,30,1.025
1,2.093,0,30,1.025
1,2.416,0,30,1.85
1,3.052,0,30,1.85
1,11.746,0,30,1.85
0,2.76,0,30,1.85
0,2.344,0,30,1.85
1,1.497,0,30,1.85
1,2.247,0,30,1.85
1,1.914,0,30,1.85
1,1.374,0,30,1.85
1,1.912,0,30,1.85
0,3.0980000000000003,0,30,2.675
1,2.774,0,30,2.675
1,1.837,0,30,2.675
1,5.307,0,30,2.675
1,2.1630000000000003,0,30,2.675
1,5.309,0,30,2.675
1,2.4130000000000003,0,30,2.675
1,2.268,0,30,2.675
0,1.42,0,30,2.675
1,2.144,0,30,2.675
1,2.874,0,30,3.5
1,3.841,0,30,3.5
1,3.391,0,30,3.5
1,2.286,0,30,3.5
1,1.715,0,30,3.5
1,15.987,0,30,3.5
1,2.05,0,30,3.5
1,1.607,0,30,3.5
1,1.3090000000000002,0,30,3.5
1,2.189,0,30,3.5
0,1.371,50,30,-4.0
1,1.524,50,30,-4.0
0,2.14,50,30,-4.0
0,2.488,50,30,-4.0
0,2.457,50,30,-4.0
1,2.097,50,30,-4.0
0,2.137,50,30,-4.0
0,2.346,50,30,-4.0
0,1.6869999999999998,50,30,-4.0
0,1.31,50,30,-4.0
0,2.419,50,30,-3.075
0,2.7060000000000004,50,30,-3.075
0,2.355,50,30,-3.075
0,1.581,50,30,-3.075
0,1.672,50,30,-3.075
0,1.812,50,30,-3.075
1,2.355,50,30,-3.075
1,2.127,50,30,-3.075
0,1.734,50,30,-3.075
0,1.787,50,30,-3.075
0,3.0780000000000003,50,30,-2.1500000000000004
0,2.594,50,30,-2.1500000000000004
0,2.699,50,30,-2.1500000000000004
0,2.481,50,30,-2.1500000000000004
0,2.376,50,30,-2.1500000000000004
0,2.05,50,30,-2.1500000000000004
0,4.819,50,30,-2.1500000000000004
0,2.575,50,30,-2.1500000000000004
0,2.623,50,30,-2.1500000000000004
0,2.152,50,30,-2.1500000000000004
0,1.904,50,30,-1.2250000000000003
1,2.151,50,30,-1.2250000000000003
0,2.35,50,30,-1.2250000000000003
0,2.247,50,30,-1.2250000000000003
0,1.896,50,30,-1.2250000000000003
0,1.979,50,30,-1.2250000000000003
0,1.398,50,30,-1.2250000000000003
1,2.477,50,30,-1.2250000000000003
0,1.849,50,30,-1.2250000000000003
0,2.083,50,30,-1.2250000000000003
1,1.882,50,30,-0.3000000000000007
0,2.564,50,30,-0.3000000000000007
0,2.6010000000000004,50,30,-0.3000000000000007
0,2.0380000000000003,50,30,-0.3000000000000007
0,3.0380000000000003,50,30,-0.3000000000000007
0,1.745,50,30,-0.3000000000000007
0,1.815,50,30,-0.3000000000000007
0,2.261,50,30,-0.3000000000000007
0,2.384,50,30,-0.3000000000000007
1,1.973,50,30,-0.3000000000000007
1,6.442,50,30,0.3
1,3.488,50,30,0.3
0,2.426,50,30,0.3
1,1.933,50,30,0.3
0,2.1590000000000003,50,30,0.3
0,1.753,50,30,0.3
0,1.568,50,30,0.3
0,1.973,50,30,0.3
1,3.338,50,30,0.3
1,1.906,50,30,0.3
1,2.776,50,30,1.225
1,2.563,50,30,1.225
0,3.522,50,30,1.225
1,2.855,50,30,1.225
1,4.5310000000000015,50,30,1.225
1,3.11,50,30,1.225
1,4.4430000000000005,50,30,1.225
1,1.949,50,30,1.225
1,1.2919999999999998,50,30,1.225
1,2.347,50,30,1.225
0,1.828,50,30,2.15
1,2.326,50,30,2.15
1,1.403,50,30,2.15
1,2.787,50,30,2.15
1,1.574,50,30,2.15
1,2.651,50,30,2.15
1,2.318,50,30,2.15
0,2.326,50,30,2.15
1,1.891,50,30,2.15
1,2.166,50,30,2.15
1,3.525,50,30,3.075
1,3.22,50,30,3.075
1,4.859,50,30,3.075
1,3.3510000000000004,50,30,3.075
1,5.957999999999998,50,30,3.075
1,2.549,50,30,3.075
1,2.105,50,30,3.075
1,1.6030000000000002,50,30,3.075
1,2.039,50,30,3.075
0,1.823,50,30,3.075
1,2.192,50,30,4.0
1,2.162,50,30,4.0
1,5.647,50,30,4.0
1,3.002,50,30,4.0
1,1.982,50,30,4.0
1,2.76,50,30,4.0
1,1.641,50,30,4.0
1,3.683,50,30,4.0
0,2.025,50,30,4.0
1,2.377,50,30,4.0
0,2.416,100,30,-5.0
0,2.021,100,30,-5.0
0,3.232,100,30,-5.0
0,2.252,100,30,-5.0
0,2.122,100,30,-5.0
0,3.431,100,30,-5.0
0,1.577,100,30,-5.0
0,3.154,100,30,-5.0
0,2.005,100,30,-5.0
0,1.824,100,30,-5.0
0,2.56,100,30,-3.825
0,2.822,100,30,-3.825
1,3.107,100,30,-3.825
0,2.239,100,30,-3.825
0,2.09,100,30,-3.825
0,1.643,100,30,-3.825
0,2.207,100,30,-3.825
0,1.871,100,30,-3.825
0,1.599,100,30,-3.825
0,1.74,100,30,-3.825
0,3.377,100,30,-2.6500000000000004
0,1.516,100,30,-2.6500000000000004
0,2.349,100,30,-2.6500000000000004
0,2.547,100,30,-2.6500000000000004
0,2.625,100,30,-2.6500000000000004
0,2.359,100,30,-2.6500000000000004
0,2.077,100,30,-2.6500000000000004
0,2.197,100,30,-2.6500000000000004
0,2.405,100,30,-2.6500000000000004
0,2.4530000000000003,100,30,-2.6500000000000004
0,1.483,100,30,-1.4750000000000003
0,1.356,100,30,-1.4750000000000003
0,2.597,100,30,-1.4750000000000003
1,2.585,100,30,-1.4750000000000003
1,2.724,100,30,-1.4750000000000003
1,2.59,100,30,-1.4750000000000003
1,2.541,100,30,-1.4750000000000003
0,2.738,100,30,-1.4750000000000003
0,1.967,100,30,-1.4750000000000003
0,2.535,100,30,-1.4750000000000003
0,1.719,100,30,-0.3000000000000007
0,2.418,100,30,-0.3000000000000007
0,2.608,100,30,-0.3000000000000007
0,3.017,100,30,-0.3000000000000007
0,2.632,100,30,-0.3000000000000007
1,2.857,100,30,-0.3000000000000007
0,1.519,100,30,-0.3000000000000007
1,1.47,100,30,-0.3000000000000007
1,2.216,100,30,-0.3000000000000007
0,2.111,100,30,-0.3000000000000007
1,1.6880000000000002,100,30,0.3
1,3.293,100,30,0.3
0,2.134,100,30,0.3
1,4.034,100,30,0.3
0,3.427,100,30,0.3
1,4.582,100,30,0.3
1,2.622,100,30,0.3
0,2.049,100,30,0.3
0,1.519,100,30,0.3
1,3.33,100,30,0.3
1,3.297,100,30,1.475
1,3.007,100,30,1.475
1,2.96,100,30,1.475
0,6.082000000000002,100,30,1.475
0,2.485,100,30,1.475
1,3.435,100,30,1.475
1,2.234,100,30,1.475
1,2.517,100,30,1.475
0,2.779,100,30,1.475
1,1.848,100,30,1.475
1,3.248,100,30,2.65
1,2.888,100,30,2.65
1,1.4980000000000002,100,30,2.65
1,2.145,100,30,2.65
1,2.922,100,30,2.65
1,2.412,100,30,2.65
1,2.507,100,30,2.65
1,2.375,100,30,2.65
1,2.411,100,30,2.65
1,2.754,100,30,2.65
1,1.935,100,30,3.825
1,2.49,100,30,3.825
1,1.92,100,30,3.825
1,2.874,100,30,3.825
1,2.919,100,30,3.825
0,3.019,100,30,3.825
1,5.435,100,30,3.825
1,4.367,100,30,3.825
1,1.819,100,30,3.825
1,1.787,100,30,3.825
1,5.846,100,30,5.0
1,3.188,100,30,5.0
1,3.404,100,30,5.0
1,8.068,100,30,5.0
0,2.354,100,30,5.0
1,3.702,100,30,5.0
1,1.509,100,30,5.0
1,1.654,100,30,5.0
1,2.007,100,30,5.0
1,1.642,100,30,5.0
0,2.004,150,30,-6.0
0,2.29,150,30,-6.0
0,1.31,150,30,-6.0
0,2.208,150,30,-6.0
0,2.846,150,30,-6.0
0,1.734,150,30,-6.0
0,2.061,150,30,-6.0
0,1.835,150,30,-6.0
0,1.659,150,30,-6.0
0,2.438,150,30,-6.0
0,3.442,150,30,-4.575
0,1.969,150,30,-4.575
0,2.8760000000000003,150,30,-4.575
0,2.492,150,30,-4.575
0,2.266,150,30,-4.575
1,2.944,150,30,-4.575
0,2.19,150,30,-4.575
0,1.786,150,30,-4.575
0,1.871,150,30,-4.575
0,1.405,150,30,-4.575
1,2.321,150,30,-3.1500000000000004
0,2.292,150,30,-3.1500000000000004
0,3.1460000000000004,150,30,-3.1500000000000004
0,1.547,150,30,-3.1500000000000004
0,2.008,150,30,-3.1500000000000004
1,2.614,150,30,-3.1500000000000004
1,5.176,150,30,-3.1500000000000004
0,2.391,150,30,-3.1500000000000004
1,1.332,150,30,-3.1500000000000004
0,1.806,150,30,-3.1500000000000004
0,2.631,150,30,-1.7250000000000003
0,3.0010000000000003,150,30,-1.7250000000000003
0,1.781,150,30,-1.7250000000000003
0,3.643,150,30,-1.7250000000000003
0,2.639,150,30,-1.7250000000000003
1,1.914,150,30,-1.7250000000000003
0,2.874,150,30,-1.7250000000000003
0,3.01,150,30,-1.7250000000000003
0,1.381,150,30,-1.7250000000000003
1,1.3530000000000002,150,30,-1.7250000000000003
0,2.705,150,30,-0.3000000000000007
1,3.736,150,30,-0.3000000000000007
0,2.833,150,30,-0.3000000000000007
0,1.7819999999999998,150,30,-0.3000000000000007
0,2.285,150,30,-0.3000000000000007
0,1.778,150,30,-0.3000000000000007
0,2.827,150,30,-0.3000000000000007
0,3.782,150,30,-0.3000000000000007
0,2.575,150,30,-0.3000000000000007
1,1.935,150,30,-0.3000000000000007
0,7.192,150,30,0.3
1,3.582,150,30,0.3
1,2.942,150,30,0.3
0,3.853,150,30,0.3
1,2.78,150,30,0.3
0,2.028,150,30,0.3
1,4.457,150,30,0.3
1,2.447,150,30,0.3
0,2.4,150,30,0.3
0,2.465,150,30,0.3
1,2.927,150,30,1.725
1,2.314,150,30,1.725
1,1.839,150,30,1.725
1,4.992,150,30,1.725
0,3.196,150,30,1.725
0,3.013,150,30,1.725
1,2.8110000000000004,150,30,1.725
1,1.898,150,30,1.725
1,3.382,150,30,1.725
1,2.186,150,30,1.725
1,2.267,150,30,3.15
1,1.724,150,30,3.15
1,3.864,150,30,3.15
1,2.867,150,30,3.15
1,2.565,150,30,3.15
1,3.1,150,30,3.15
1,2.8,150,30,3.15
1,2.012,150,30,3.15
1,1.39,150,30,3.15
1,1.71,150,30,3.15
1,2.789,150,30,4.575
1,2.337,150,30,4.575
1,16.189,150,30,4.575
1,2.763,150,30,4.575
1,3.512,150,30,4.575
1,2.0380000000000003,150,30,4.575
1,2.946,150,30,4.575
1,2.13,150,30,4.575
1,1.85,150,30,4.575
1,2.314,150,30,4.575
1,1.533,150,30,6.0
1,2.82,150,30,6.0
1,3.793,150,30,6.0
1,3.523,150,30,6.0
1,2.504,150,30,6.0
1,3.739,150,30,6.0
1,1.88,150,30,6.0
1,3.923,150,30,6.0
1,1.461,150,30,6.0
1,2.103,150,30,6.0
0,1.957,200,30,-7.0
0,2.414,200,30,-7.0
0,1.983,200,30,-7.0
0,2.0780000000000003,200,30,-7.0
0,2.986,200,30,-7.0
0,1.431,200,30,-7.0
0,2.61,200,30,-7.0
0,1.7619999999999998,200,30,-7.0
0,1.375,200,30,-7.0
0,2.06,200,30,-7.0
0,3.357,200,30,-5.325
0,2.98,200,30,-5.325
0,1.764,200,30,-5.325
0,2.224,200,30,-5.325
0,2.074,200,30,-5.325
0,1.733,200,30,-5.325
0,2.4930000000000003,200,30,-5.325
0,2.41,200,30,-5.325
0,2.647,200,30,-5.325
0,2.189,200,30,-5.325
0,1.852,200,30,-3.65
0,3.733,200,30,-3.65
0,2.506,200,30,-3.65
0,3.552,200,30,-3.65
0,2.42,200,30,-3.65
0,1.388,200,30,-3.65
0,1.761,200,30,-3.65
0,3.706,200,30,-3.65
0,2.173,200,30,-3.65
0,1.932,200,30,-3.65
0,2.575,200,30,-1.9750000000000003
1,2.97,200,30,-1.9750000000000003
0,4.997,200,30,-1.9750000000000003
0,4.618,200,30,-1.9750000000000003
0,2.81,200,30,-1.9750000000000003
0,2.676,200,30,-1.9750000000000003
0,2.117,200,30,-1.9750000000000003
0,2.486,200,30,-1.9750000000000003
0,1.896,200,30,-1.9750000000000003
0,2.573,200,30,-1.9750000000000003
0,4.386,200,30,-0.3000000000000007
0,2.757,200,30,-0.3000000000000007
1,2.335,200,30,-0.3000000000000007
0,2.494,200,30,-0.3000000000000007
0,1.44,200,30,-0.3000000000000007
0,4.091,200,30,-0.3000000000000007
1,1.556,200,30,-0.3000000000000007
0,1.389,200,30,-0.3000000000000007
1,3.036,200,30,-0.3000000000000007
1,2.025,200,30,-0.3000000000000007
0,3.399,200,30,0.3
0,2.885,200,30,0.3
0,3.184,200,30,0.3
0,5.555,200,30,0.3
1,3.946,200,30,0.3
1,9.566,200,30,0.3
1,2.379,200,30,0.3
0,4.243,200,30,0.3
0,2.37,200,30,0.3
1,3.052,200,30,0.3
0,7.752000000000002,200,30,1.975
1,3.3560000000000003,200,30,1.975
1,2.675,200,30,1.975
1,2.517,200,30,1.975
1,3.1460000000000004,200,30,1.975
1,4.146,200,30,1.975
1,4.2,200,30,1.975
1,2.568,200,30,1.975
1,2.579,200,30,1.975
1,2.712,200,30,1.975
1,3.244,200,30,3.65
1,3.767,200,30,3.65
1,1.432,200,30,3.65
1,2.5860000000000003,200,30,3.65
1,2.93,200,30,3.65
1,9.252,200,30,3.65
0,2.067,200,30,3.65
1,2.934,200,30,3.65
0,2.137,200,30,3.65
0,1.704,200,30,3.65
1,3.3680000000000003,200,30,5.325
1,6.83,200,30,5.325
1,1.869,200,30,5.325
1,3.608,200,30,5.325
1,2.349,200,30,5.325
1,2.915,200,30,5.325
1,3.365,200,30,5.325
1,2.503,200,30,5.325
1,2.441,200,30,5.325
1,1.872,200,30,5.325
1,2.858,200,30,7.0
1,2.364,200,30,7.0
1,9.458,200,30,7.0
1,2.475,200,30,7.0
1,2.002,200,30,7.0
1,4.19,200,30,7.0
1,3.304,200,30,7.0
1,2.718,200,30,7.0
1,7.588999999999999,200,30,7.0
1,2.548,200,30,7.0
0,2.361,0,40,-4.0
0,1.631,0,40,-4.0
0,1.969,0,40,-4.0
0,1.594,0,40,-4.0
0,2.291,0,40,-4.0
0,2.237,0,40,-4.0
0,1.5019999999999998,0,40,-4.0
0,2.033,0,40,-4.0
0,2.459,0,40,-4.0
1,1.912,0,40,-4.0
0,3.95,0,40,-3.075
0,2.292,0,40,-3.075
0,2.352,0,40,-3.075
0,2.046,0,40,-3.075
0,3.679,0,40,-3.075
0,2.029,0,40,-3.075
0,2.299,0,40,-3.075
0,1.368,0,40,-3.075
0,2.242,0,40,-3.075
0,3.552,0,40,-3.075
0,2.109,0,40,-2.1500000000000004
1,2.0340000000000003,0,40,-2.1500000000000004
0,1.633,0,40,-2.1500000000000004
0,2.217,0,40,-2.1500000000000004
0,2.823,0,40,-2.1500000000000004
0,1.4680000000000002,0,40,-2.1500000000000004
0,2.315,0,40,-2.1500000000000004
0,2.562,0,40,-2.1500000000000004
0,1.361,0,40,-2.1500000000000004
0,1.395,0,40,-2.1500000000000004
0,1.499,0,40,-1.2250000000000003
1,2.449,0,40,-1.2250000000000003
0,1.986,0,40,-1.2250000000000003
0,2.553,0,40,-1.2250000000000003
1,2.009,0,40,-1.2250000000000003
0,1.494,0,40,-1.2250000000000003
0,1.796,0,40,-1.2250000000000003
0,1.769,0,40,-1.2250000000000003
0,2.478,0,40,-1.2250000000000003
0,1.84,0,40,-1.2250000000000003
0,3.109,0,40,-0.3000000000000007
0,1.963,0,40,-0.3000000000000007
1,2.435,0,40,-0.3000000000000007
0,2.881,0,40,-0.3000000000000007
1,3.61,0,40,-0.3000000000000007
1,2.01,0,40,-0.3000000000000007
0,2.063,0,40,-0.3000000000000007
1,1.504,0,40,-0.3000000000000007
0,2.189,0,40,-0.3000000000000007
1,1.95,0,40,-0.3000000000000007
1,6.3420000000000005,0,40,0.3
0,4.243,0,40,0.3
1,4.585,0,40,0.3
1,3.097,0,40,0.3
1,2.6860000000000004,0,40,0.3
1,2.9760000000000004,0,40,0.3
0,1.486,0,40,0.3
1,2.784,0,40,0.3
1,4.1389999999999985,0,40,0.3
1,1.817,0,40,0.3
1,2.402,0,40,1.225
0,3.194,0,40,1.225
1,3.649,0,40,1.225
1,2.998,0,40,1.225
0,2.967,0,40,1.225
0,2.386,0,40,1.225
1,1.973,0,40,1.225
1,1.743,0,40,1.225
0,1.949,0,40,1.225
0,3.642,0,40,1.225
1,3.673,0,40,2.15
1,2.266,0,40,2.15
1,4.458,0,40,2.15
1,5.282,0,40,2.15
1,1.297,0,40,2.15
1,1.632,0,40,2.15
1,1.329,0,40,2.15
1,1.751,0,40,2.15
1,2.06,0,40,2.15
1,1.399,0,40,2.15
1,2.758,0,40,3.075
1,2.499,0,40,3.075
1,1.839,0,40,3.075
1,7.372000000000001,0,40,3.075
1,3.2910000000000004,0,40,3.075
1,1.649,0,40,3.075
1,3.381,0,40,3.075
1,1.544,0,40,3.075
1,1.653,0,40,3.075
1,1.645,0,40,3.075
1,2.077,0,40,4.0
0,5.872999999999998,0,40,4.0
1,2.925,0,40,4.0
1,2.292,0,40,4.0
1,6.207000000000002,0,40,4.0
1,1.871,0,40,4.0
1,2.272,0,40,4.0
1,1.411,0,40,4.0
1,1.617,0,40,4.0
1,2.136,0,40,4.0
0,2.865,50,40,-5.0
0,1.853,50,40,-5.0
0,1.973,50,40,-5.0
0,2.827,50,40,-5.0
0,1.998,50,40,-5.0
0,1.949,50,40,-5.0
0,1.875,50,40,-5.0
0,2.03,50,40,-5.0
0,1.602,50,40,-5.0
0,2.0580000000000003,50,40,-5.0
0,3.399,50,40,-3.825
0,1.666,50,40,-3.825
0,1.374,50,40,-3.825
0,2.139,50,40,-3.825
0,2.47,50,40,-3.825
0,1.462,50,40,-3.825
0,1.686,50,40,-3.825
0,1.514,50,40,-3.825
0,2.129,50,40,-3.825
0,3.837,50,40,-3.825
0,2.483,50,40,-2.6500000000000004
0,2.615,50,40,-2.6500000000000004
0,1.944,50,40,-2.6500000000000004
0,2.04,50,40,-2.6500000000000004
0,3.245,50,40,-2.6500000000000004
0,2.114,50,40,-2.6500000000000004
0,2.658,50,40,-2.6500000000000004
1,1.735,50,40,-2.6500000000000004
0,6.45,50,40,-2.6500000000000004
0,1.9,50,40,-2.6500000000000004
0,2.117,50,40,-1.4750000000000003
0,1.793,50,40,-1.4750000000000003
0,2.053,50,40,-1.4750000000000003
1,2.685,50,40,-1.4750000000000003
1,3.011,50,40,-1.4750000000000003
0,1.844,50,40,-1.4750000000000003
0,2.564,50,40,-1.4750000000000003
1,2.0340000000000003,50,40,-1.4750000000000003
0,2.115,50,40,-1.4750000000000003
0,2.286,50,40,-1.4750000000000003
1,1.714,50,40,-0.3000000000000007
1,2.408,50,40,-0.3000000000000007
0,1.4369999999999998,50,40,-0.3000000000000007
0,2.042,50,40,-0.3000000000000007
1,2.7910000000000004,50,40,-0.3000000000000007
1,2.436,50,40,-0.3000000000000007
0,1.622,50,40,-0.3000000000000007
0,2.56,50,40,-0.3000000000000007
1,2.161,50,40,-0.3000000000000007
0,2.407,50,40,-0.3000000000000007
0,2.187,50,40,0.3
0,1.862,50,40,0.3
0,4.634,50,40,0.3
1,2.8710000000000004,50,40,0.3
1,2.7060000000000004,50,40,0.3
0,2.518,50,40,0.3
1,3.0810000000000004,50,40,0.3
1,4.841,50,40,0.3
0,1.944,50,40,0.3
1,1.511,50,40,0.3
0,1.822,50,40,1.475
0,3.747,50,40,1.475
1,2.997,50,40,1.475
1,3.254,50,40,1.475
1,2.032,50,40,1.475
1,1.671,50,40,1.475
1,2.531,50,40,1.475
0,2.984,50,40,1.475
1,2.504,50,40,1.475
0,2.907,50,40,1.475
0,3.3510000000000004,50,40,2.65
1,3.367,50,40,2.65
1,3.345,50,40,2.65
1,4.932,50,40,2.65
1,8.497,50,40,2.65
1,3.3510000000000004,50,40,2.65
1,2.369,50,40,2.65
1,1.754,50,40,2.65
1,2.595,50,40,2.65
1,3.212,50,40,2.65
1,3.716,50,40,3.825
1,2.577,50,40,3.825
1,4.569,50,40,3.825
0,2.168,50,40,3.825
1,2.325,50,40,3.825
1,1.663,50,40,3.825
1,1.729,50,40,3.825
0,1.847,50,40,3.825
1,1.575,50,40,3.825
1,1.844,50,40,3.825
1,4.004,50,40,5.0
1,2.386,50,40,5.0
1,3.5660000000000003,50,40,5.0
1,2.189,50,40,5.0
1,2.186,50,40,5.0
1,1.855,50,40,5.0
1,2.052,50,40,5.0
1,1.555,50,40,5.0
1,1.906,50,40,5.0
1,2.9210000000000003,50,40,5.0
0,2.014,100,40,-6.0
0,2.2,100,40,-6.0
0,2.122,100,40,-6.0
0,2.804,100,40,-6.0
0,1.383,100,40,-6.0
0,3.013,100,40,-6.0
0,2.2880000000000003,100,40,-6.0
0,1.822,100,40,-6.0
0,2.488,100,40,-6.0
0,2.514,100,40,-6.0
0,1.924,100,40,-4.575
0,2.934,100,40,-4.575
0,2.419,100,40,-4.575
0,1.259,100,40,-4.575
0,2.22,100,40,-4.575
0,2.199,100,40,-4.575
1,3.182,100,40,-4.575
0,2.177,100,40,-4.575
0,1.981,100,40,-4.575
0,1.64,100,40,-4.575
0,3.554,100,40,-3.1500000000000004
0,1.768,100,40,-3.1500000000000004
0,1.693,100,40,-3.1500000000000004
0,2.064,100,40,-3.1500000000000004
0,2.336,100,40,-3.1500000000000004
0,2.097,100,40,-3.1500000000000004
0,2.411,100,40,-3.1500000000000004
0,2.123,100,40,-3.1500000000000004
0,1.544,100,40,-3.1500000000000004
0,1.875,100,40,-3.1500000000000004
0,2.24,100,40,-1.7250000000000003
0,1.934,100,40,-1.7250000000000003
1,2.668,100,40,-1.7250000000000003
1,2.152,100,40,-1.7250000000000003
0,1.848,100,40,-1.7250000000000003
0,2.61,100,40,-1.7250000000000003
0,2.899,100,40,-1.7250000000000003
0,2.643,100,40,-1.7250000000000003
0,1.768,100,40,-1.7250000000000003
0,1.858,100,40,-1.7250000000000003
0,2.747,100,40,-0.3000000000000007
0,2.075,100,40,-0.3000000000000007
1,2.027,100,40,-0.3000000000000007
0,2.352,100,40,-0.3000000000000007
0,2.76,100,40,-0.3000000000000007
0,1.7619999999999998,100,40,-0.3000000000000007
1,2.487,100,40,-0.3000000000000007
0,2.773,100,40,-0.3000000000000007
0,4.072,100,40,-0.3000000000000007
0,1.693,100,40,-0.3000000000000007
0,4.152,100,40,0.3
1,2.735,100,40,0.3
1,2.114,100,40,0.3
1,2.649,100,40,0.3
0,3.261,100,40,0.3
1,2.798,100,40,0.3
1,5.188,100,40,0.3
1,5.475,100,40,0.3
1,2.609,100,40,0.3
0,3.511,100,40,0.3
1,5.705,100,40,1.725
1,2.713,100,40,1.725
1,2.017,100,40,1.725
1,4.427,100,40,1.725
1,2.005,100,40,1.725
1,4.14,100,40,1.725
0,3.76,100,40,1.725
1,3.384,100,40,1.725
1,1.77,100,40,1.725
1,2.775,100,40,1.725
1,2.016,100,40,3.15
1,7.794,100,40,3.15
1,2.317,100,40,3.15
1,2.9930000000000003,100,40,3.15
1,2.099,100,40,3.15
1,2.656,100,40,3.15
1,2.2430000000000003,100,40,3.15
1,1.509,100,40,3.15
1,1.574,100,40,3.15
1,1.695,100,40,3.15
1,2.309,100,40,4.575
1,2.794,100,40,4.575
1,2.971,100,40,4.575
1,3.235,100,40,4.575
1,2.198,100,40,4.575
1,2.387,100,40,4.575
1,2.248,100,40,4.575
1,3.059,100,40,4.575
1,2.286,100,40,4.575
1,8.981,100,40,4.575
1,2.872,100,40,6.0
1,2.095,100,40,6.0
1,2.878,100,40,6.0
1,2.9130000000000003,100,40,6.0
1,2.92,100,40,6.0
1,1.984,100,40,6.0
1,4.225,100,40,6.0
1,2.501,100,40,6.0
1,2.536,100,40,6.0
0,1.304,100,40,6.0
0,2.102,150,40,-7.0
0,2.309,150,40,-7.0
0,2.111,150,40,-7.0
0,1.396,150,40,-7.0
0,2.825,150,40,-7.0
0,3.04,150,40,-7.0
0,2.764,150,40,-7.0
0,2.296,150,40,-7.0
0,1.57,150,40,-7.0
0,1.493,150,40,-7.0
0,2.062,150,40,-5.325
0,2.12,150,40,-5.325
0,2.307,150,40,-5.325
0,3.759,150,40,-5.325
0,2.718,150,40,-5.325
0,1.616,150,40,-5.325
0,1.747,150,40,-5.325
0,1.883,150,40,-5.325
0,1.797,150,40,-5.325
0,3.022,150,40,-5.325
0,1.6669999999999998,150,40,-3.65
0,1.409,150,40,-3.65
0,2.4090000000000003,150,40,-3.65
0,2.375,150,40,-3.65
0,1.547,150,40,-3.65
0,2.076,150,40,-3.65
0,1.952,150,40,-3.65
0,1.769,150,40,-3.65
0,2.162,150,40,-3.65
0,1.812,150,40,-3.65
1,2.283,150,40,-1.9750000000000003
0,1.755,150,40,-1.9750000000000003
0,1.832,150,40,-1.9750000000000003
0,1.777,150,40,-1.9750000000000003
0,1.829,150,40,-1.9750000000000003
0,2.553,150,40,-1.9750000000000003
0,2.283,150,40,-1.9750000000000003
0,2.232,150,40,-1.9750000000000003
0,2.051,150,40,-1.9750000000000003
0,3.391,150,40,-1.9750000000000003
1,2.371,150,40,-0.3000000000000007
0,3.0860000000000003,150,40,-0.3000000000000007
0,1.851,150,40,-0.3000000000000007
1,2.55,150,40,-0.3000000000000007
0,2.087,150,40,-0.3000000000000007
0,1.5119999999999998,150,40,-0.3000000000000007
0,7.3279999999999985,150,40,-0.3000000000000007
1,2.007,150,40,-0.3000000000000007
0,2.9810000000000003,150,40,-0.3000000000000007
1,1.513,150,40,-0.3000000000000007
0,2.7060000000000004,150,40,0.3
1,2.615,150,40,0.3
1,2.498,150,40,0.3
0,2.668,150,40,0.3
1,6.296,150,40,0.3
1,2.8160000000000003,150,40,0.3
1,5.261,150,40,0.3
0,13.955,150,40,0.3
1,2.886,150,40,0.3
1,1.771,150,40,0.3
1,3.242,150,40,1.975
1,7.427,150,40,1.975
1,5.167999999999998,150,40,1.975
1,3.173,150,40,1.975
1,6.271,150,40,1.975
1,2.78,150,40,1.975
1,5.747000000000001,150,40,1.975
0,1.467,150,40,1.975
1,2.228,150,40,1.975
0,1.794,150,40,1.975
1,3.014,150,40,3.65
1,2.312,150,40,3.65
1,7.22,150,40,3.65
1,4.024,150,40,3.65
1,2.225,150,40,3.65
1,1.768,150,40,3.65
1,1.764,150,40,3.65
1,2.804,150,40,3.65
1,1.8,150,40,3.65
1,1.777,150,40,3.65
1,2.813,150,40,5.325
1,2.307,150,40,5.325
1,2.917,150,40,5.325
1,3.906,150,40,5.325
1,2.739,150,40,5.325
1,1.83,150,40,5.325
1,2.454,150,40,5.325
1,2.605,150,40,5.325
1,2.397,150,40,5.325
1,2.4930000000000003,150,40,5.325
1,2.392,150,40,7.0
1,2.381,150,40,7.0
1,3.971,150,40,7.0
1,2.131,150,40,7.0
1,2.8080000000000003,150,40,7.0
1,2.238,150,40,7.0
1,1.67,150,40,7.0
1,1.861,150,40,7.0
1,1.759,150,40,7.0
1,2.204,150,40,7.0
0,1.773,200,40,-8.0
0,2.717,200,40,-8.0
0,2.669,200,40,-8.0
0,2.315,200,40,-8.0
0,2.011,200,40,-8.0
0,2.762,200,40,-8.0
0,1.882,200,40,-8.0
0,2.9760000000000004,200,40,-8.0
0,2.361,200,40,-8.0
0,2.858,200,40,-8.0
0,3.4,200,40,-6.075
0,2.375,200,40,-6.075
0,1.464,200,40,-6.075
0,2.639,200,40,-6.075
1,2.104,200,40,-6.075
0,2.476,200,40,-6.075
0,1.73,200,40,-6.075
0,2.406,200,40,-6.075
0,2.314,200,40,-6.075
0,1.6369999999999998,200,40,-6.075
0,1.671,200,40,-4.15
0,2.902,200,40,-4.15
0,1.594,200,40,-4.15
0,1.445,200,40,-4.15
0,1.589,200,40,-4.15
0,1.7280000000000002,200,40,-4.15
0,2.154,200,40,-4.15
0,2.844,200,40,-4.15
0,3.072,200,40,-4.15
0,1.452,200,40,-4.15
1,4.099,200,40,-2.2250000000000005
0,2.011,200,40,-2.2250000000000005
0,2.166,200,40,-2.2250000000000005
0,2.176,200,40,-2.2250000000000005
0,1.938,200,40,-2.2250000000000005
1,2.5580000000000003,200,40,-2.2250000000000005
0,1.392,200,40,-2.2250000000000005
0,4.4860000000000015,200,40,-2.2250000000000005
0,1.913,200,40,-2.2250000000000005
1,1.773,200,40,-2.2250000000000005
1,2.7910000000000004,200,40,-0.3000000000000007
0,2.567,200,40,-0.3000000000000007
0,1.906,200,40,-0.3000000000000007
0,2.584,200,40,-0.3000000000000007
1,2.679,200,40,-0.3000000000000007
1,1.896,200,40,-0.3000000000000007
0,2.005,200,40,-0.3000000000000007
0,2.583,200,40,-0.3000000000000007
1,2.612,200,40,-0.3000000000000007
0,2.682,200,40,-0.3000000000000007
1,2.655,200,40,0.3
1,3.463,200,40,0.3
1,13.949000000000002,200,40,0.3
0,3.158,200,40,0.3
1,1.786,200,40,0.3
0,2.309,200,40,0.3
1,3.1830000000000003,200,40,0.3
0,2.529,200,40,0.3
1,1.4169999999999998,200,40,0.3
1,2.488,200,40,0.3
1,2.572,200,40,2.225
1,2.364,200,40,2.225
1,3.232,200,40,2.225
1,2.192,200,40,2.225
0,5.731,200,40,2.225
0,3.165,200,40,2.225
1,2.753,200,40,2.225
0,3.432,200,40,2.225
1,1.679,200,40,2.225
0,2.454,200,40,2.225
1,2.935,200,40,4.15
1,4.059,200,40,4.15
1,3.606,200,40,4.15
1,2.252,200,40,4.15
1,2.423,200,40,4.15
1,2.528,200,40,4.15
1,2.42,200,40,4.15
1,1.48,200,40,4.15
1,2.6860000000000004,200,40,4.15
1,3.192,200,40,4.15
1,1.968,200,40,6.075
1,2.405,200,40,6.075
1,3.123,200,40,6.075
0,3.353,200,40,6.075
1,3.745,200,40,6.075
1,2.1630000000000003,200,40,6.075
1,1.96,200,40,6.075
1,2.776,200,40,6.075
1,1.544,200,40,6.075
1,2.446,200,40,6.075
1,6.14,200,40,8.0
1,2.452,200,40,8.0
1,4.149,200,40,8.0
1,2.485,200,40,8.0
1,2.408,200,40,8.0
1,6.505,200,40,8.0
1,2.432,200,40,8.0
1,2.814,200,40,8.0
1,1.963,200,40,8.0
1,2.504,200,40,8.0
0,1.944,0,50,-5.5
0,2.397,0,50,-5.5
0,3.36,0,50,-5.5
0,2.588,0,50,-5.5
0,2.086,0,50,-5.5
0,2.114,0,50,-5.5
0,3.326,0,50,-5.5
0,2.156,0,50,-5.5
0,2.232,0,50,-5.5
0,4.35,0,50,-5.5
0,2.048,0,50,-4.2
0,2.846,0,50,-4.2
0,1.565,0,50,-4.2
0,1.65,0,50,-4.2
0,2.097,0,50,-4.2
0,3.068,0,50,-4.2
0,1.722,0,50,-4.2
0,1.503,0,50,-4.2
0,1.941,0,50,-4.2
0,3.737,0,50,-4.2
0,2.364,0,50,-2.9000000000000004
0,2.239,0,50,-2.9000000000000004
0,1.594,0,50,-2.9000000000000004
0,2.201,0,50,-2.9000000000000004
0,2.459,0,50,-2.9000000000000004
0,1.75,0,50,-2.9000000000000004
0,1.341,0,50,-2.9000000000000004
1,2.943,0,50,-2.9000000000000004
0,2.293,0,50,-2.9000000000000004
0,2.072,0,50,-2.9000000000000004
0,3.329,0,50,-1.6000000000000003
1,3.398,0,50,-1.6000000000000003
1,2.991,0,50,-1.6000000000000003
0,2.264,0,50,-1.6000000000000003
0,1.328,0,50,-1.6000000000000003
0,1.888,0,50,-1.6000000000000003
1,1.564,0,50,-1.6000000000000003
0,2.108,0,50,-1.6000000000000003
0,1.58,0,50,-1.6000000000000003
1,2.241,0,50,-1.6000000000000003
1,1.97,0,50,-0.3000000000000007
1,2.874,0,50,-0.3000000000000007
0,3.022,0,50,-0.3000000000000007
0,2.29,0,50,-0.3000000000000007
1,1.4580000000000002,0,50,-0.3000000000000007
0,1.91,0,50,-0.3000000000000007
1,1.988,0,50,-0.3000000000000007
1,1.849,0,50,-0.3000000000000007
1,1.989,0,50,-0.3000000000000007
1,2.4730000000000003,0,50,-0.3000000000000007
1,1.934,0,50,0.3
1,2.206,0,50,0.3
0,2.914,0,50,0.3
0,1.794,0,50,0.3
0,2.21,0,50,0.3
0,2.3,0,50,0.3
1,2.309,0,50,0.3
0,1.469,0,50,0.3
1,5.0710000000000015,0,50,0.3
1,3.887,0,50,0.3
1,2.895,0,50,1.6
1,2.75,0,50,1.6
1,3.429,0,50,1.6
0,2.438,0,50,1.6
1,2.91,0,50,1.6
1,1.683,0,50,1.6
1,2.8760000000000003,0,50,1.6
1,4.309,0,50,1.6
0,2.312,0,50,1.6
0,2.167,0,50,1.6
0,2.44,0,50,2.9
1,1.511,0,50,2.9
1,3.49,0,50,2.9
1,1.67,0,50,2.9
1,2.6830000000000003,0,50,2.9
1,6.678,0,50,2.9
1,1.5119999999999998,0,50,2.9
1,2.6660000000000004,0,50,2.9
0,1.6769999999999998,0,50,2.9
1,1.624,0,50,2.9
1,1.628,0,50,4.2
1,2.633,0,50,4.2
1,2.611,0,50,4.2
1,3.092,0,50,4.2
1,2.276,0,50,4.2
1,2.823,0,50,4.2
1,2.873,0,50,4.2
1,1.865,0,50,4.2
1,2.74,0,50,4.2
1,1.328,0,50,4.2
1,2.632,0,50,5.5
1,2.643,0,50,5.5
1,1.491,0,50,5.5
1,3.377,0,50,5.5
1,3.792,0,50,5.5
1,2.464,0,50,5.5
1,5.431,0,50,5.5
1,2.13,0,50,5.5
1,2.658,0,50,5.5
1,2.713,0,50,5.5
0,1.567,50,50,-6.0
0,2.24,50,50,-6.0
0,1.523,50,50,-6.0
0,2.552,50,50,-6.0
0,2.526,50,50,-6.0
0,2.162,50,50,-6.0
0,2.502,50,50,-6.0
0,1.584,50,50,-6.0
0,2.055,50,50,-6.0
0,2.252,50,50,-6.0
0,2.176,50,50,-4.575
0,2.678,50,50,-4.575
0,2.635,50,50,-4.575
0,1.658,50,50,-4.575
0,1.816,50,50,-4.575
0,1.55,50,50,-4.575
0,2.269,50,50,-4.575
0,2.077,50,50,-4.575
0,2.123,50,50,-4.575
0,1.7619999999999998,50,50,-4.575
0,1.736,50,50,-3.1500000000000004
0,1.518,50,50,-3.1500000000000004
0,4.16,50,50,-3.1500000000000004
0,2.11,50,50,-3.1500000000000004
0,2.095,50,50,-3.1500000000000004
0,2.421,50,50,-3.1500000000000004
0,1.629,50,50,-3.1500000000000004
1,1.759,50,50,-3.1500000000000004
0,1.425,50,50,-3.1500000000000004
0,2.073,50,50,-3.1500000000000004
1,1.897,50,50,-1.7250000000000003
0,1.948,50,50,-1.7250000000000003
0,3.027,50,50,-1.7250000000000003
0,2.151,50,50,-1.7250000000000003
0,2.717,50,50,-1.7250000000000003
0,4.273,50,50,-1.7250000000000003
0,3.049,50,50,-1.7250000000000003
0,2.765,50,50,-1.7250000000000003
0,2.275,50,50,-1.7250000000000003
0,1.3730000000000002,50,50,-1.7250000000000003
0,2.029,50,50,-0.3000000000000007
1,3.693,50,50,-0.3000000000000007
1,1.744,50,50,-0.3000000000000007
0,2.806,50,50,-0.3000000000000007
0,1.842,50,50,-0.3000000000000007
1,1.601,50,50,-0.3000000000000007
1,2.662,50,50,-0.3000000000000007
0,2.321,50,50,-0.3000000000000007
1,2.248,50,50,-0.3000000000000007
0,2.33,50,50,-0.3000000000000007
1,3.507,50,50,0.3
0,3.474,50,50,0.3
1,3.592,50,50,0.3
1,2.158,50,50,0.3
1,1.612,50,50,0.3
1,4.959,50,50,0.3
1,3.085,50,50,0.3
0,2.563,50,50,0.3
0,3.133,50,50,0.3
1,2.378,50,50,0.3
1,2.325,50,50,1.725
0,1.5590000000000002,50,50,1.725
1,1.569,50,50,1.725
1,1.831,50,50,1.725
0,1.964,50,50,1.725
0,4.043,50,50,1.725
0,10.457,50,50,1.725
1,2.858,50,50,1.725
1,1.218,50,50,1.725
1,1.854,50,50,1.725
1,2.325,50,50,3.15
1,2.529,50,50,3.15
1,3.145,50,50,3.15
1,2.294,50,50,3.15
1,4.182,50,50,3.15
1,2.254,50,50,3.15
0,1.774,50,50,3.15
0,2.8760000000000003,50,50,3.15
1,2.248,50,50,3.15
1,2.125,50,50,3.15
1,2.574,50,50,4.575
1,2.806,50,50,4.575
1,2.144,50,50,4.575
1,2.579,50,50,4.575
1,1.897,50,50,4.575
1,1.855,50,50,4.575
0,1.2819999999999998,50,50,4.575
1,4.155,50,50,4.575
1,2.818,50,50,4.575
0,1.491,50,50,4.575
1,1.901,50,50,6.0
1,2.309,50,50,6.0
1,2.628,50,50,6.0
1,3.277,50,50,6.0
1,2.718,50,50,6.0
1,2.423,50,50,6.0
1,2.511,50,50,6.0
1,2.138,50,50,6.0
1,2.162,50,50,6.0
1,3.537,50,50,6.0
0,2.382,100,50,-7.0
0,2.242,100,50,-7.0
1,2.161,100,50,-7.0
0,2.075,100,50,-7.0
0,1.681,100,50,-7.0
0,2.052,100,50,-7.0
0,2.055,100,50,-7.0
0,2.3280000000000003,100,50,-7.0
0,1.871,100,50,-7.0
0,2.021,100,50,-7.0
0,1.5830000000000002,100,50,-5.325
0,1.756,100,50,-5.325
0,2.6860000000000004,100,50,-5.325
0,2.202,100,50,-5.325
0,2.19,100,50,-5.325
0,2.763,100,50,-5.325
0,2.047,100,50,-5.325
0,1.955,100,50,-5.325
0,2.145,100,50,-5.325
0,2.411,100,50,-5.325
0,2.95,100,50,-3.65
0,3.438,100,50,-3.65
0,3.528,100,50,-3.65
0,2.385,100,50,-3.65
0,2.375,100,50,-3.65
0,1.528,100,50,-3.65
0,1.932,100,50,-3.65
0,2.349,100,50,-3.65
0,1.85,100,50,-3.65
0,1.4780000000000002,100,50,-3.65
0,2.235,100,50,-1.9750000000000003
0,3.372,100,50,-1.9750000000000003
0,2.859,100,50,-1.9750000000000003
0,2.07,100,50,-1.9750000000000003
0,2.9560000000000004,100,50,-1.9750000000000003
0,2.948,100,50,-1.9750000000000003
0,2.046,100,50,-1.9750000000000003
0,1.725,100,50,-1.9750000000000003
0,1.406,100,50,-1.9750000000000003
0,1.715,100,50,-1.9750000000000003
0,1.459,100,50,-0.3000000000000007
1,2.465,100,50,-0.3000000000000007
0,2.063,100,50,-0.3000000000000007
1,2.835,100,50,-0.3000000000000007
0,4.7860000000000005,100,50,-0.3000000000000007
0,1.713,100,50,-0.3000000000000007
1,2.4130000000000003,100,50,-0.3000000000000007
1,2.442,100,50,-0.3000000000000007
0,3.563,100,50,-0.3000000000000007
0,2.8710000000000004,100,50,-0.3000000000000007
1,2.877,100,50,0.3
1,4.971,100,50,0.3
0,2.867,100,50,0.3
0,1.802,100,50,0.3
1,1.962,100,50,0.3
1,1.864,100,50,0.3
0,4.4430000000000005,100,50,0.3
1,1.252,100,50,0.3
0,2.119,100,50,0.3
1,2.125,100,50,0.3
1,2.42,100,50,1.975
1,2.748,100,50,1.975
1,5.06,100,50,1.975
1,4.836,100,50,1.975
1,2.26,100,50,1.975
1,3.469,100,50,1.975
1,2.08,100,50,1.975
1,3.36,100,50,1.975
1,2.249,100,50,1.975
1,1.49,100,50,1.975
1,3.695,100,50,3.65
1,8.208,100,50,3.65
1,2.789,100,50,3.65
1,2.8,100,50,3.65
1,5.412000000000001,100,50,3.65
0,2.477,100,50,3.65
1,1.951,100,50,3.65
1,1.829,100,50,3.65
1,2.939,100,50,3.65
1,2.572,100,50,3.65
1,1.979,100,50,5.325
1,2.153,100,50,5.325
1,3.4160000000000004,100,50,5.325
1,2.443,100,50,5.325
1,2.268,100,50,5.325
1,2.665,100,50,5.325
1,2.763,100,50,5.325
1,2.391,100,50,5.325
1,1.983,100,50,5.325
1,1.899,100,50,5.325
1,2.117,100,50,7.0
1,1.882,100,50,7.0
1,2.969,100,50,7.0
1,14.944,100,50,7.0
1,2.285,100,50,7.0
1,2.206,100,50,7.0
1,3.661,100,50,7.0
1,6.37,100,50,7.0
1,2.681,100,50,7.0
1,1.6880000000000002,100,50,7.0
0,2.333,150,50,-8.0
0,1.91,150,50,-8.0
0,2.478,150,50,-8.0
0,1.561,150,50,-8.0
0,3.3960000000000004,150,50,-8.0
0,1.969,150,50,-8.0
0,1.932,150,50,-8.0
0,1.338,150,50,-8.0
0,2.509,150,50,-8.0
0,2.049,150,50,-8.0
0,1.804,150,50,-6.075
0,2.321,150,50,-6.075
0,3.01,150,50,-6.075
0,1.673,150,50,-6.075
0,1.893,150,50,-6.075
0,2.484,150,50,-6.075
0,1.495,150,50,-6.075
0,1.83,150,50,-6.075
0,2.057,150,50,-6.075
0,1.927,150,50,-6.075
0,2.57,150,50,-4.15
0,1.914,150,50,-4.15
0,2.229,150,50,-4.15
1,2.1630000000000003,150,50,-4.15
0,2.73,150,50,-4.15
0,2.333,150,50,-4.15
0,2.922,150,50,-4.15
0,1.892,150,50,-4.15
0,2.322,150,50,-4.15
0,1.843,150,50,-4.15
0,3.063,150,50,-2.2250000000000005
0,2.32,150,50,-2.2250000000000005
0,3.626,150,50,-2.2250000000000005
0,1.432,150,50,-2.2250000000000005
1,2.124,150,50,-2.2250000000000005
1,1.842,150,50,-2.2250000000000005
0,1.986,150,50,-2.2250000000000005
0,3.298,150,50,-2.2250000000000005
0,2.894,150,50,-2.2250000000000005
0,1.991,150,50,-2.2250000000000005
0,2.675,150,50,-0.3000000000000007
0,2.104,150,50,-0.3000000000000007
0,2.605,150,50,-0.3000000000000007
0,2.103,150,50,-0.3000000000000007
0,2.359,150,50,-0.3000000000000007
0,2.576,150,50,-0.3000000000000007
0,1.5759999999999998,150,50,-0.3000000000000007
0,4.909,150,50,-0.3000000000000007
0,2.286,150,50,-0.3000000000000007
1,1.853,150,50,-0.3000000000000007
0,3.426,150,50,0.3
1,3.835,150,50,0.3
1,4.063,150,50,0.3
1,3.585,150,50,0.3
0,5.607,150,50,0.3
1,2.634,150,50,0.3
0,5.1,150,50,0.3
1,2.125,150,50,0.3
1,2.482,150,50,0.3
0,1.472,150,50,0.3
1,5.318,150,50,2.225
1,5.433,150,50,2.225
1,2.725,150,50,2.225
1,1.717,150,50,2.225
1,3.174,150,50,2.225
1,2.897,150,50,2.225
1,1.824,150,50,2.225
1,1.378,150,50,2.225
1,14.28,150,50,2.225
1,2.4930000000000003,150,50,2.225
1,3.1910000000000003,150,50,4.15
1,2.82,150,50,4.15
1,2.748,150,50,4.15
1,2.5780000000000003,150,50,4.15
0,3.369,150,50,4.15
1,2.552,150,50,4.15
1,2.865,150,50,4.15
1,1.652,150,50,4.15
1,2.3280000000000003,150,50,4.15
1,2.262,150,50,4.15
1,2.874,150,50,6.075
1,3.494,150,50,6.075
1,2.587,150,50,6.075
1,2.657,150,50,6.075
1,3.809,150,50,6.075
1,2.443,150,50,6.075
1,5.848,150,50,6.075
1,2.9330000000000003,150,50,6.075
0,2.382,150,50,6.075
1,1.939,150,50,6.075
1,3.66,150,50,8.0
1,2.86,150,50,8.0
1,1.528,150,50,8.0
1,2.428,150,50,8.0
1,2.632,150,50,8.0
1,2.53,150,50,8.0
1,2.625,150,50,8.0
1,2.3040000000000003,150,50,8.0
1,2.216,150,50,8.0
1,1.5590000000000002,150,50,8.0
0,2.05,200,50,-9.0
0,2.088,200,50,-9.0
0,2.642,200,50,-9.0
0,2.799,200,50,-9.0
0,2.5810000000000004,200,50,-9.0
0,2.091,200,50,-9.0
0,2.103,200,50,-9.0
0,2.089,200,50,-9.0
0,2.443,200,50,-9.0
0,1.7009999999999998,200,50,-9.0
0,1.7,200,50,-6.825
0,2.204,200,50,-6.825
0,1.641,200,50,-6.825
0,3.077,200,50,-6.825
0,2.387,200,50,-6.825
0,2.466,200,50,-6.825
0,1.5490000000000002,200,50,-6.825
0,2.394,200,50,-6.825
0,2.461,200,50,-6.825
0,2.82,200,50,-6.825
0,2.905,200,50,-4.65
0,2.3080000000000003,200,50,-4.65
0,1.6469999999999998,200,50,-4.65
0,1.548,200,50,-4.65
0,2.334,200,50,-4.65
0,2.443,200,50,-4.65
0,1.643,200,50,-4.65
0,2.124,200,50,-4.65
0,2.507,200,50,-4.65
1,1.969,200,50,-4.65
0,2.077,200,50,-2.4750000000000005
0,1.85,200,50,-2.4750000000000005
0,3.168,200,50,-2.4750000000000005
0,2.271,200,50,-2.4750000000000005
0,2.978,200,50,-2.4750000000000005
1,2.77,200,50,-2.4750000000000005
0,2.989,200,50,-2.4750000000000005
0,2.38,200,50,-2.4750000000000005
0,2.005,200,50,-2.4750000000000005
0,2.391,200,50,-2.4750000000000005
1,2.906,200,50,-0.3000000000000007
0,2.585,200,50,-0.3000000000000007
1,3.068,200,50,-0.3000000000000007
1,1.862,200,50,-0.3000000000000007
0,2.009,200,50,-0.3000000000000007
1,1.828,200,50,-0.3000000000000007
0,1.6669999999999998,200,50,-0.3000000000000007
0,1.92,200,50,-0.3000000000000007
1,2.402,200,50,-0.3000000000000007
0,3.4930000000000003,200,50,-0.3000000000000007
0,7.091,200,50,0.3
0,3.011,200,50,0.3
0,2.442,200,50,0.3
1,9.02,200,50,0.3
0,5.7810000000000015,200,50,0.3
1,2.5780000000000003,200,50,0.3
1,2.262,200,50,0.3
1,2.762,200,50,0.3
1,1.672,200,50,0.3
1,2.211,200,50,0.3
0,3.037,200,50,2.475
1,2.394,200,50,2.475
1,3.63,200,50,2.475
1,2.114,200,50,2.475
1,3.11,200,50,2.475
0,2.704,200,50,2.475
1,2.463,200,50,2.475
1,2.112,200,50,2.475
1,2.565,200,50,2.475
1,3.58,200,50,2.475
1,2.062,200,50,4.65
1,2.434,200,50,4.65
1,4.9830000000000005,200,50,4.65
1,2.653,200,50,4.65
1,3.861,200,50,4.65
1,8.526,200,50,4.65
1,1.863,200,50,4.65
1,4.371,200,50,4.65
1,2.207,200,50,4.65
1,3.111,200,50,4.65
1,2.447,200,50,6.824999999999998
1,2.457,200,50,6.824999999999998
1,4.355,200,50,6.824999999999998
1,2.532,200,50,6.824999999999998
1,2.74,200,50,6.824999999999998
1,2.587,200,50,6.824999999999998
1,1.4580000000000002,200,50,6.824999999999998
1,2.025,200,50,6.824999999999998
1,2.4930000000000003,200,50,6.824999999999998
1,3.07,200,50,6.824999999999998
1,2.555,200,50,9.0
1,3.404,200,50,9.0
1,2.293,200,50,9.0
1,2.814,200,50,9.0
1,2.296,200,50,9.0
1,1.935,200,50,9.0
1,1.929,200,50,9.0
1,2.437,200,50,9.0
1,3.157,200,50,9.0
1,1.621,200,50,9.0
